day,route_id,stop_name,hour,boarding_count,alighting_count,crowd_level
1,61,Burdi,6,6,6,MEDIUM
1,61,Panchasheel Square,6,13,9,MEDIUM
1,61,Rahate Colony,6,13,11,MEDIUM
1,61,Ajni Square,6,7,8,MEDIUM
1,61,Chatrapati Square,6,12,6,MEDIUM
1,61,Ujjwal Nagar,6,6,10,MEDIUM
1,61,Airport,6,13,7,MEDIUM
1,61,Chinchbhavan,6,11,12,MEDIUM
1,61,Khapri,6,9,6,MEDIUM
1,61,Ashokwan,6,9,9,MEDIUM
1,61,Mohgaon,6,12,8,MEDIUM
1,61,Butibori,6,6,6,MEDIUM
1,61,Burdi,7,13,12,MEDIUM
1,61,Panchasheel Square,7,8,7,MEDIUM
1,61,Rahate Colony,7,8,12,MEDIUM
1,61,Ajni Square,7,12,6,MEDIUM
1,61,Chatrapati Square,7,8,12,MEDIUM
1,61,Ujjwal Nagar,7,7,12,MEDIUM
1,61,Airport,7,13,9,MEDIUM
1,61,Chinchbhavan,7,12,7,MEDIUM
1,61,Khapri,7,12,8,MEDIUM
1,61,Ashokwan,7,6,10,MEDIUM
1,61,Mohgaon,7,13,8,MEDIUM
1,61,Butibori,7,7,12,MEDIUM
1,61,Burdi,8,18,24,PEAK
1,61,Panchasheel Square,8,19,11,PEAK
1,61,Rahate Colony,8,25,17,PEAK
1,61,Ajni Square,8,20,20,PEAK
1,61,Chatrapati Square,8,24,24,PEAK
1,61,Ujjwal Nagar,8,30,12,PEAK
1,61,Airport,8,25,11,PEAK
1,61,Chinchbhavan,8,15,10,PEAK
1,61,Khapri,8,20,23,PEAK
1,61,Ashokwan,8,16,14,PEAK
1,61,Mohgaon,8,20,23,PEAK
1,61,Butibori,8,27,12,PEAK
1,61,Burdi,9,17,19,PEAK
1,61,Panchasheel Square,9,29,24,PEAK
1,61,Rahate Colony,9,28,25,PEAK
1,61,Ajni Square,9,29,23,PEAK
1,61,Chatrapati Square,9,25,16,PEAK
1,61,Ujjwal Nagar,9,19,11,PEAK
1,61,Airport,9,26,18,PEAK
1,61,Chinchbhavan,9,19,23,PEAK
1,61,Khapri,9,20,19,PEAK
1,61,Ashokwan,9,27,14,PEAK
1,61,Mohgaon,9,19,17,PEAK
1,61,Butibori,9,16,24,PEAK
1,61,Burdi,10,20,11,PEAK
1,61,Panchasheel Square,10,28,25,PEAK
1,61,Rahate Colony,10,27,19,PEAK
1,61,Ajni Square,10,24,25,PEAK
1,61,Chatrapati Square,10,19,13,PEAK
1,61,Ujjwal Nagar,10,21,12,PEAK
1,61,Airport,10,19,18,PEAK
1,61,Chinchbhavan,10,20,16,PEAK
1,61,Khapri,10,20,20,PEAK
1,61,Ashokwan,10,30,12,PEAK
1,61,Mohgaon,10,19,20,PEAK
1,61,Butibori,10,29,22,PEAK
1,61,Burdi,11,14,12,MEDIUM
1,61,Panchasheel Square,11,9,10,MEDIUM
1,61,Rahate Colony,11,12,11,MEDIUM
1,61,Ajni Square,11,6,6,MEDIUM
1,61,Chatrapati Square,11,6,7,MEDIUM
1,61,Ujjwal Nagar,11,14,11,MEDIUM
1,61,Airport,11,8,12,MEDIUM
1,61,Chinchbhavan,11,6,12,MEDIUM
1,61,Khapri,11,10,7,MEDIUM
1,61,Ashokwan,11,14,12,MEDIUM
1,61,Mohgaon,11,13,12,MEDIUM
1,61,Butibori,11,7,11,MEDIUM
1,61,Burdi,12,7,3,LOW
1,61,Panchasheel Square,12,8,5,LOW
1,61,Rahate Colony,12,7,5,LOW
1,61,Ajni Square,12,7,3,LOW
1,61,Chatrapati Square,12,8,2,LOW
1,61,Ujjwal Nagar,12,4,4,LOW
1,61,Airport,12,2,2,LOW
1,61,Chinchbhavan,12,7,5,LOW
1,61,Khapri,12,3,4,LOW
1,61,Ashokwan,12,3,2,LOW
1,61,Mohgaon,12,6,3,LOW
1,61,Butibori,12,4,3,LOW
1,61,Burdi,13,8,2,LOW
1,61,Panchasheel Square,13,6,6,LOW
1,61,Rahate Colony,13,8,6,LOW
1,61,Ajni Square,13,3,2,LOW
1,61,Chatrapati Square,13,5,3,LOW
1,61,Ujjwal Nagar,13,6,4,LOW
1,61,Airport,13,7,3,LOW
1,61,Chinchbhavan,13,6,6,LOW
1,61,Khapri,13,3,4,LOW
1,61,Ashokwan,13,4,3,LOW
1,61,Mohgaon,13,3,6,LOW
1,61,Butibori,13,7,3,LOW
1,61,Burdi,14,3,2,LOW
1,61,Panchasheel Square,14,3,3,LOW
1,61,Rahate Colony,14,4,6,LOW
1,61,Ajni Square,14,3,6,LOW
1,61,Chatrapati Square,14,3,4,LOW
1,61,Ujjwal Nagar,14,4,2,LOW
1,61,Airport,14,8,5,LOW
1,61,Chinchbhavan,14,7,6,LOW
1,61,Khapri,14,8,5,LOW
1,61,Ashokwan,14,4,5,LOW
1,61,Mohgaon,14,8,4,LOW
1,61,Butibori,14,3,4,LOW
1,61,Burdi,15,5,3,LOW
1,61,Panchasheel Square,15,2,6,LOW
1,61,Rahate Colony,15,8,5,LOW
1,61,Ajni Square,15,5,2,LOW
1,61,Chatrapati Square,15,6,3,LOW
1,61,Ujjwal Nagar,15,3,3,LOW
1,61,Airport,15,5,3,LOW
1,61,Chinchbhavan,15,5,5,LOW
1,61,Khapri,15,8,3,LOW
1,61,Ashokwan,15,2,5,LOW
1,61,Mohgaon,15,4,4,LOW
1,61,Butibori,15,7,5,LOW
1,61,Burdi,16,13,7,MEDIUM
1,61,Panchasheel Square,16,14,7,MEDIUM
1,61,Rahate Colony,16,9,6,MEDIUM
1,61,Ajni Square,16,12,11,MEDIUM
1,61,Chatrapati Square,16,7,8,MEDIUM
1,61,Ujjwal Nagar,16,7,12,MEDIUM
1,61,Airport,16,11,12,MEDIUM
1,61,Chinchbhavan,16,7,12,MEDIUM
1,61,Khapri,16,12,12,MEDIUM
1,61,Ashokwan,16,6,11,MEDIUM
1,61,Mohgaon,16,9,10,MEDIUM
1,61,Butibori,16,13,7,MEDIUM
1,61,Burdi,17,14,27,HIGH
1,61,Panchasheel Square,17,12,24,HIGH
1,61,Rahate Colony,17,18,15,HIGH
1,61,Ajni Square,17,15,27,HIGH
1,61,Chatrapati Square,17,11,26,HIGH
1,61,Ujjwal Nagar,17,22,25,HIGH
1,61,Airport,17,14,15,HIGH
1,61,Chinchbhavan,17,14,19,HIGH
1,61,Khapri,17,17,12,HIGH
1,61,Ashokwan,17,21,27,HIGH
1,61,Mohgaon,17,18,14,HIGH
1,61,Butibori,17,15,17,HIGH
1,61,Burdi,18,15,16,HIGH
1,61,Panchasheel Square,18,18,23,HIGH
1,61,Rahate Colony,18,10,13,HIGH
1,61,Ajni Square,18,13,25,HIGH
1,61,Chatrapati Square,18,21,28,HIGH
1,61,Ujjwal Nagar,18,11,25,HIGH
1,61,Airport,18,22,15,HIGH
1,61,Chinchbhavan,18,21,18,HIGH
1,61,Khapri,18,11,18,HIGH
1,61,Ashokwan,18,14,24,HIGH
1,61,Mohgaon,18,16,15,HIGH
1,61,Butibori,18,17,19,HIGH
1,61,Burdi,19,17,26,HIGH
1,61,Panchasheel Square,19,16,17,HIGH
1,61,Rahate Colony,19,18,22,HIGH
1,61,Ajni Square,19,20,16,HIGH
1,61,Chatrapati Square,19,11,19,HIGH
1,61,Ujjwal Nagar,19,11,23,HIGH
1,61,Airport,19,14,23,HIGH
1,61,Chinchbhavan,19,10,17,HIGH
1,61,Khapri,19,15,22,HIGH
1,61,Ashokwan,19,11,20,HIGH
1,61,Mohgaon,19,11,13,HIGH
1,61,Butibori,19,13,13,HIGH
1,61,Burdi,20,11,26,HIGH
1,61,Panchasheel Square,20,19,13,HIGH
1,61,Rahate Colony,20,15,23,HIGH
1,61,Ajni Square,20,13,17,HIGH
1,61,Chatrapati Square,20,16,21,HIGH
1,61,Ujjwal Nagar,20,22,26,HIGH
1,61,Airport,20,22,16,HIGH
1,61,Chinchbhavan,20,20,28,HIGH
1,61,Khapri,20,11,20,HIGH
1,61,Ashokwan,20,19,25,HIGH
1,61,Mohgaon,20,14,26,HIGH
1,61,Butibori,20,22,16,HIGH
1,61,Burdi,21,10,11,MEDIUM
1,61,Panchasheel Square,21,6,9,MEDIUM
1,61,Rahate Colony,21,9,9,MEDIUM
1,61,Ajni Square,21,8,7,MEDIUM
1,61,Chatrapati Square,21,6,10,MEDIUM
1,61,Ujjwal Nagar,21,10,11,MEDIUM
1,61,Airport,21,9,9,MEDIUM
1,61,Chinchbhavan,21,6,7,MEDIUM
1,61,Khapri,21,8,10,MEDIUM
1,61,Ashokwan,21,14,7,MEDIUM
1,61,Mohgaon,21,9,11,MEDIUM
1,61,Butibori,21,12,10,MEDIUM
1,35,Pardi,6,12,9,MEDIUM
1,35,HB Town,6,6,11,MEDIUM
1,35,Wathoda Square,6,13,10,MEDIUM
1,35,Kharbi Square,6,14,11,MEDIUM
1,35,Dighori,6,14,6,MEDIUM
1,35,Manewada,6,12,11,MEDIUM
1,35,Chatrapati Square,6,13,8,MEDIUM
1,35,Pratap Nagar,6,12,12,MEDIUM
1,35,Trimurti Nagar,6,11,9,MEDIUM
1,35,Dharampeth,6,7,9,MEDIUM
1,35,Hingna,6,12,6,MEDIUM
1,35,YCCE,6,9,8,MEDIUM
1,35,Pardi,7,10,6,MEDIUM
1,35,HB Town,7,9,7,MEDIUM
1,35,Wathoda Square,7,13,8,MEDIUM
1,35,Kharbi Square,7,14,8,MEDIUM
1,35,Dighori,7,13,9,MEDIUM
1,35,Manewada,7,11,10,MEDIUM
1,35,Chatrapati Square,7,10,6,MEDIUM
1,35,Pratap Nagar,7,9,10,MEDIUM
1,35,Trimurti Nagar,7,9,10,MEDIUM
1,35,Dharampeth,7,9,8,MEDIUM
1,35,Hingna,7,7,8,MEDIUM
1,35,YCCE,7,8,8,MEDIUM
1,35,Pardi,8,27,11,PEAK
1,35,HB Town,8,18,14,PEAK
1,35,Wathoda Square,8,24,23,PEAK
1,35,Kharbi Square,8,28,19,PEAK
1,35,Dighori,8,17,13,PEAK
1,35,Manewada,8,30,15,PEAK
1,35,Chatrapati Square,8,28,14,PEAK
1,35,Pratap Nagar,8,21,24,PEAK
1,35,Trimurti Nagar,8,25,23,PEAK
1,35,Dharampeth,8,18,15,PEAK
1,35,Hingna,8,24,17,PEAK
1,35,YCCE,8,23,22,PEAK
1,35,Pardi,9,26,21,PEAK
1,35,HB Town,9,29,10,PEAK
1,35,Wathoda Square,9,27,17,PEAK
1,35,Kharbi Square,9,16,25,PEAK
1,35,Dighori,9,28,13,PEAK
1,35,Manewada,9,29,14,PEAK
1,35,Chatrapati Square,9,21,24,PEAK
1,35,Pratap Nagar,9,16,20,PEAK
1,35,Trimurti Nagar,9,27,10,PEAK
1,35,Dharampeth,9,22,13,PEAK
1,35,Hingna,9,26,12,PEAK
1,35,YCCE,9,30,25,PEAK
1,35,Pardi,10,30,12,PEAK
1,35,HB Town,10,19,15,PEAK
1,35,Wathoda Square,10,21,16,PEAK
1,35,Kharbi Square,10,23,24,PEAK
1,35,Dighori,10,15,13,PEAK
1,35,Manewada,10,28,14,PEAK
1,35,Chatrapati Square,10,28,22,PEAK
1,35,Pratap Nagar,10,23,17,PEAK
1,35,Trimurti Nagar,10,26,25,PEAK
1,35,Dharampeth,10,23,13,PEAK
1,35,Hingna,10,20,11,PEAK
1,35,YCCE,10,19,25,PEAK
1,35,Pardi,11,8,7,MEDIUM
1,35,HB Town,11,10,10,MEDIUM
1,35,Wathoda Square,11,11,7,MEDIUM
1,35,Kharbi Square,11,12,12,MEDIUM
1,35,Dighori,11,6,12,MEDIUM
1,35,Manewada,11,13,10,MEDIUM
1,35,Chatrapati Square,11,7,12,MEDIUM
1,35,Pratap Nagar,11,10,12,MEDIUM
1,35,Trimurti Nagar,11,6,10,MEDIUM
1,35,Dharampeth,11,10,7,MEDIUM
1,35,Hingna,11,8,11,MEDIUM
1,35,YCCE,11,12,7,MEDIUM
1,35,Pardi,12,6,3,LOW
1,35,HB Town,12,7,4,LOW
1,35,Wathoda Square,12,6,2,LOW
1,35,Kharbi Square,12,8,6,LOW
1,35,Dighori,12,6,6,LOW
1,35,Manewada,12,8,6,LOW
1,35,Chatrapati Square,12,4,4,LOW
1,35,Pratap Nagar,12,8,4,LOW
1,35,Trimurti Nagar,12,5,4,LOW
1,35,Dharampeth,12,3,2,LOW
1,35,Hingna,12,2,2,LOW
1,35,YCCE,12,3,2,LOW
1,35,Pardi,13,5,5,LOW
1,35,HB Town,13,3,3,LOW
1,35,Wathoda Square,13,2,3,LOW
1,35,Kharbi Square,13,8,6,LOW
1,35,Dighori,13,5,2,LOW
1,35,Manewada,13,3,3,LOW
1,35,Chatrapati Square,13,8,5,LOW
1,35,Pratap Nagar,13,8,5,LOW
1,35,Trimurti Nagar,13,4,3,LOW
1,35,Dharampeth,13,7,2,LOW
1,35,Hingna,13,2,4,LOW
1,35,YCCE,13,5,6,LOW
1,35,Pardi,14,7,4,LOW
1,35,HB Town,14,6,5,LOW
1,35,Wathoda Square,14,2,3,LOW
1,35,Kharbi Square,14,4,4,LOW
1,35,Dighori,14,2,3,LOW
1,35,Manewada,14,6,2,LOW
1,35,Chatrapati Square,14,2,2,LOW
1,35,Pratap Nagar,14,4,4,LOW
1,35,Trimurti Nagar,14,4,6,LOW
1,35,Dharampeth,14,2,2,LOW
1,35,Hingna,14,4,6,LOW
1,35,YCCE,14,2,2,LOW
1,35,Pardi,15,8,5,LOW
1,35,HB Town,15,6,2,LOW
1,35,Wathoda Square,15,5,2,LOW
1,35,Kharbi Square,15,3,4,LOW
1,35,Dighori,15,3,2,LOW
1,35,Manewada,15,7,5,LOW
1,35,Chatrapati Square,15,3,6,LOW
1,35,Pratap Nagar,15,2,5,LOW
1,35,Trimurti Nagar,15,8,3,LOW
1,35,Dharampeth,15,5,3,LOW
1,35,Hingna,15,3,3,LOW
1,35,YCCE,15,6,3,LOW
1,35,Pardi,16,11,11,MEDIUM
1,35,HB Town,16,7,8,MEDIUM
1,35,Wathoda Square,16,8,11,MEDIUM
1,35,Kharbi Square,16,6,12,MEDIUM
1,35,Dighori,16,7,7,MEDIUM
1,35,Manewada,16,8,8,MEDIUM
1,35,Chatrapati Square,16,12,11,MEDIUM
1,35,Pratap Nagar,16,12,9,MEDIUM
1,35,Trimurti Nagar,16,14,9,MEDIUM
1,35,Dharampeth,16,7,11,MEDIUM
1,35,Hingna,16,13,8,MEDIUM
1,35,YCCE,16,11,10,MEDIUM
1,35,Pardi,17,10,26,HIGH
1,35,HB Town,17,19,22,HIGH
1,35,Wathoda Square,17,10,27,HIGH
1,35,Kharbi Square,17,11,25,HIGH
1,35,Dighori,17,12,26,HIGH
1,35,Manewada,17,15,28,HIGH
1,35,Chatrapati Square,17,19,28,HIGH
1,35,Pratap Nagar,17,16,25,HIGH
1,35,Trimurti Nagar,17,12,23,HIGH
1,35,Dharampeth,17,11,19,HIGH
1,35,Hingna,17,20,25,HIGH
1,35,YCCE,17,19,15,HIGH
1,35,Pardi,18,21,15,HIGH
1,35,HB Town,18,11,19,HIGH
1,35,Wathoda Square,18,10,16,HIGH
1,35,Kharbi Square,18,18,25,HIGH
1,35,Dighori,18,19,17,HIGH
1,35,Manewada,18,21,24,HIGH
1,35,Chatrapati Square,18,19,25,HIGH
1,35,Pratap Nagar,18,16,12,HIGH
1,35,Trimurti Nagar,18,18,12,HIGH
1,35,Dharampeth,18,20,19,HIGH
1,35,Hingna,18,12,21,HIGH
1,35,YCCE,18,14,28,HIGH
1,35,Pardi,19,17,28,HIGH
1,35,HB Town,19,19,19,HIGH
1,35,Wathoda Square,19,21,27,HIGH
1,35,Kharbi Square,19,20,26,HIGH
1,35,Dighori,19,22,27,HIGH
1,35,Manewada,19,11,26,HIGH
1,35,Chatrapati Square,19,13,18,HIGH
1,35,Pratap Nagar,19,14,28,HIGH
1,35,Trimurti Nagar,19,14,21,HIGH
1,35,Dharampeth,19,18,21,HIGH
1,35,Hingna,19,15,16,HIGH
1,35,YCCE,19,14,25,HIGH
1,35,Pardi,20,14,24,HIGH
1,35,HB Town,20,21,17,HIGH
1,35,Wathoda Square,20,19,17,HIGH
1,35,Kharbi Square,20,22,19,HIGH
1,35,Dighori,20,19,27,HIGH
1,35,Manewada,20,10,15,HIGH
1,35,Chatrapati Square,20,12,15,HIGH
1,35,Pratap Nagar,20,10,24,HIGH
1,35,Trimurti Nagar,20,17,19,HIGH
1,35,Dharampeth,20,22,16,HIGH
1,35,Hingna,20,16,27,HIGH
1,35,YCCE,20,17,24,HIGH
1,35,Pardi,21,9,11,MEDIUM
1,35,HB Town,21,8,8,MEDIUM
1,35,Wathoda Square,21,7,8,MEDIUM
1,35,Kharbi Square,21,7,9,MEDIUM
1,35,Dighori,21,13,11,MEDIUM
1,35,Manewada,21,8,12,MEDIUM
1,35,Chatrapati Square,21,8,10,MEDIUM
1,35,Pratap Nagar,21,7,6,MEDIUM
1,35,Trimurti Nagar,21,10,12,MEDIUM
1,35,Dharampeth,21,7,8,MEDIUM
1,35,Hingna,21,12,8,MEDIUM
1,35,YCCE,21,10,7,MEDIUM
2,61,Burdi,6,7,10,MEDIUM
2,61,Panchasheel Square,6,9,8,MEDIUM
2,61,Rahate Colony,6,9,10,MEDIUM
2,61,Ajni Square,6,14,11,MEDIUM
2,61,Chatrapati Square,6,12,8,MEDIUM
2,61,Ujjwal Nagar,6,9,12,MEDIUM
2,61,Airport,6,13,7,MEDIUM
2,61,Chinchbhavan,6,8,10,MEDIUM
2,61,Khapri,6,7,12,MEDIUM
2,61,Ashokwan,6,8,12,MEDIUM
2,61,Mohgaon,6,10,6,MEDIUM
2,61,Butibori,6,8,9,MEDIUM
2,61,Burdi,7,10,10,MEDIUM
2,61,Panchasheel Square,7,7,12,MEDIUM
2,61,Rahate Colony,7,6,7,MEDIUM
2,61,Ajni Square,7,13,7,MEDIUM
2,61,Chatrapati Square,7,9,6,MEDIUM
2,61,Ujjwal Nagar,7,10,12,MEDIUM
2,61,Airport,7,11,11,MEDIUM
2,61,Chinchbhavan,7,10,9,MEDIUM
2,61,Khapri,7,11,7,MEDIUM
2,61,Ashokwan,7,11,12,MEDIUM
2,61,Mohgaon,7,10,7,MEDIUM
2,61,Butibori,7,13,8,MEDIUM
2,61,Burdi,8,26,11,PEAK
2,61,Panchasheel Square,8,26,17,PEAK
2,61,Rahate Colony,8,23,22,PEAK
2,61,Ajni Square,8,15,10,PEAK
2,61,Chatrapati Square,8,27,13,PEAK
2,61,Ujjwal Nagar,8,15,10,PEAK
2,61,Airport,8,22,18,PEAK
2,61,Chinchbhavan,8,18,11,PEAK
2,61,Khapri,8,15,10,PEAK
2,61,Ashokwan,8,24,25,PEAK
2,61,Mohgaon,8,26,13,PEAK
2,61,Butibori,8,24,24,PEAK
2,61,Burdi,9,15,23,PEAK
2,61,Panchasheel Square,9,29,22,PEAK
2,61,Rahate Colony,9,27,22,PEAK
2,61,Ajni Square,9,29,15,PEAK
2,61,Chatrapati Square,9,28,14,PEAK
2,61,Ujjwal Nagar,9,15,18,PEAK
2,61,Airport,9,18,25,PEAK
2,61,Chinchbhavan,9,16,25,PEAK
2,61,Khapri,9,30,16,PEAK
2,61,Ashokwan,9,18,13,PEAK
2,61,Mohgaon,9,26,21,PEAK
2,61,Butibori,9,30,22,PEAK
2,61,Burdi,10,26,11,PEAK
2,61,Panchasheel Square,10,30,15,PEAK
2,61,Rahate Colony,10,18,17,PEAK
2,61,Ajni Square,10,25,13,PEAK
2,61,Chatrapati Square,10,22,16,PEAK
2,61,Ujjwal Nagar,10,30,19,PEAK
2,61,Airport,10,17,15,PEAK
2,61,Chinchbhavan,10,28,19,PEAK
2,61,Khapri,10,26,23,PEAK
2,61,Ashokwan,10,22,15,PEAK
2,61,Mohgaon,10,29,13,PEAK
2,61,Butibori,10,16,18,PEAK
2,61,Burdi,11,11,9,MEDIUM
2,61,Panchasheel Square,11,13,8,MEDIUM
2,61,Rahate Colony,11,12,11,MEDIUM
2,61,Ajni Square,11,6,8,MEDIUM
2,61,Chatrapati Square,11,12,6,MEDIUM
2,61,Ujjwal Nagar,11,14,12,MEDIUM
2,61,Airport,11,6,12,MEDIUM
2,61,Chinchbhavan,11,7,12,MEDIUM
2,61,Khapri,11,7,8,MEDIUM
2,61,Ashokwan,11,10,11,MEDIUM
2,61,Mohgaon,11,9,6,MEDIUM
2,61,Butibori,11,9,8,MEDIUM
2,61,Burdi,12,5,5,LOW
2,61,Panchasheel Square,12,7,4,LOW
2,61,Rahate Colony,12,2,6,LOW
2,61,Ajni Square,12,7,4,LOW
2,61,Chatrapati Square,12,2,4,LOW
2,61,Ujjwal Nagar,12,3,5,LOW
2,61,Airport,12,3,4,LOW
2,61,Chinchbhavan,12,3,5,LOW
2,61,Khapri,12,7,5,LOW
2,61,Ashokwan,12,3,2,LOW
2,61,Mohgaon,12,6,3,LOW
2,61,Butibori,12,3,3,LOW
2,61,Burdi,13,3,5,LOW
2,61,Panchasheel Square,13,2,4,LOW
2,61,Rahate Colony,13,6,6,LOW
2,61,Ajni Square,13,8,3,LOW
2,61,Chatrapati Square,13,6,6,LOW
2,61,Ujjwal Nagar,13,8,6,LOW
2,61,Airport,13,3,3,LOW
2,61,Chinchbhavan,13,7,4,LOW
2,61,Khapri,13,6,5,LOW
2,61,Ashokwan,13,8,6,LOW
2,61,Mohgaon,13,5,5,LOW
2,61,Butibori,13,4,3,LOW
2,61,Burdi,14,3,4,LOW
2,61,Panchasheel Square,14,3,6,LOW
2,61,Rahate Colony,14,7,4,LOW
2,61,Ajni Square,14,2,5,LOW
2,61,Chatrapati Square,14,7,4,LOW
2,61,Ujjwal Nagar,14,7,5,LOW
2,61,Airport,14,3,4,LOW
2,61,Chinchbhavan,14,7,5,LOW
2,61,Khapri,14,3,4,LOW
2,61,Ashokwan,14,8,6,LOW
2,61,Mohgaon,14,5,4,LOW
2,61,Butibori,14,8,2,LOW
2,61,Burdi,15,5,4,LOW
2,61,Panchasheel Square,15,6,6,LOW
2,61,Rahate Colony,15,4,6,LOW
2,61,Ajni Square,15,7,3,LOW
2,61,Chatrapati Square,15,6,3,LOW
2,61,Ujjwal Nagar,15,2,2,LOW
2,61,Airport,15,5,4,LOW
2,61,Chinchbhavan,15,5,5,LOW
2,61,Khapri,15,3,6,LOW
2,61,Ashokwan,15,5,3,LOW
2,61,Mohgaon,15,3,3,LOW
2,61,Butibori,15,6,3,LOW
2,61,Burdi,16,6,11,MEDIUM
2,61,Panchasheel Square,16,12,12,MEDIUM
2,61,Rahate Colony,16,7,10,MEDIUM
2,61,Ajni Square,16,12,11,MEDIUM
2,61,Chatrapati Square,16,12,8,MEDIUM
2,61,Ujjwal Nagar,16,14,9,MEDIUM
2,61,Airport,16,11,11,MEDIUM
2,61,Chinchbhavan,16,11,11,MEDIUM
2,61,Khapri,16,7,7,MEDIUM
2,61,Ashokwan,16,6,6,MEDIUM
2,61,Mohgaon,16,12,9,MEDIUM
2,61,Butibori,16,13,6,MEDIUM
2,61,Burdi,17,11,26,HIGH
2,61,Panchasheel Square,17,11,25,HIGH
2,61,Rahate Colony,17,14,17,HIGH
2,61,Ajni Square,17,10,25,HIGH
2,61,Chatrapati Square,17,12,15,HIGH
2,61,Ujjwal Nagar,17,22,26,HIGH
2,61,Airport,17,21,24,HIGH
2,61,Chinchbhavan,17,12,20,HIGH
2,61,Khapri,17,12,21,HIGH
2,61,Ashokwan,17,14,18,HIGH
2,61,Mohgaon,17,19,26,HIGH
2,61,Butibori,17,16,26,HIGH
2,61,Burdi,18,10,18,HIGH
2,61,Panchasheel Square,18,10,28,HIGH
2,61,Rahate Colony,18,15,26,HIGH
2,61,Ajni Square,18,10,14,HIGH
2,61,Chatrapati Square,18,18,22,HIGH
2,61,Ujjwal Nagar,18,14,13,HIGH
2,61,Airport,18,19,13,HIGH
2,61,Chinchbhavan,18,22,14,HIGH
2,61,Khapri,18,18,15,HIGH
2,61,Ashokwan,18,17,28,HIGH
2,61,Mohgaon,18,19,28,HIGH
2,61,Butibori,18,22,23,HIGH
2,61,Burdi,19,13,19,HIGH
2,61,Panchasheel Square,19,18,19,HIGH
2,61,Rahate Colony,19,12,15,HIGH
2,61,Ajni Square,19,19,18,HIGH
2,61,Chatrapati Square,19,12,22,HIGH
2,61,Ujjwal Nagar,19,13,15,HIGH
2,61,Airport,19,13,14,HIGH
2,61,Chinchbhavan,19,13,19,HIGH
2,61,Khapri,19,14,13,HIGH
2,61,Ashokwan,19,17,28,HIGH
2,61,Mohgaon,19,20,12,HIGH
2,61,Butibori,19,11,28,HIGH
2,61,Burdi,20,19,27,HIGH
2,61,Panchasheel Square,20,14,19,HIGH
2,61,Rahate Colony,20,20,14,HIGH
2,61,Ajni Square,20,21,14,HIGH
2,61,Chatrapati Square,20,14,16,HIGH
2,61,Ujjwal Nagar,20,13,25,HIGH
2,61,Airport,20,22,24,HIGH
2,61,Chinchbhavan,20,14,28,HIGH
2,61,Khapri,20,16,13,HIGH
2,61,Ashokwan,20,18,18,HIGH
2,61,Mohgaon,20,12,14,HIGH
2,61,Butibori,20,22,14,HIGH
2,61,Burdi,21,12,6,MEDIUM
2,61,Panchasheel Square,21,9,10,MEDIUM
2,61,Rahate Colony,21,9,7,MEDIUM
2,61,Ajni Square,21,11,9,MEDIUM
2,61,Chatrapati Square,21,13,6,MEDIUM
2,61,Ujjwal Nagar,21,11,9,MEDIUM
2,61,Airport,21,14,8,MEDIUM
2,61,Chinchbhavan,21,11,10,MEDIUM
2,61,Khapri,21,8,10,MEDIUM
2,61,Ashokwan,21,13,6,MEDIUM
2,61,Mohgaon,21,14,12,MEDIUM
2,61,Butibori,21,13,11,MEDIUM
2,35,Pardi,6,14,6,MEDIUM
2,35,HB Town,6,7,6,MEDIUM
2,35,Wathoda Square,6,9,12,MEDIUM
2,35,Kharbi Square,6,11,10,MEDIUM
2,35,Dighori,6,14,9,MEDIUM
2,35,Manewada,6,11,10,MEDIUM
2,35,Chatrapati Square,6,10,9,MEDIUM
2,35,Pratap Nagar,6,14,8,MEDIUM
2,35,Trimurti Nagar,6,8,11,MEDIUM
2,35,Dharampeth,6,6,11,MEDIUM
2,35,Hingna,6,6,11,MEDIUM
2,35,YCCE,6,7,8,MEDIUM
2,35,Pardi,7,13,7,MEDIUM
2,35,HB Town,7,6,8,MEDIUM
2,35,Wathoda Square,7,14,10,MEDIUM
2,35,Kharbi Square,7,13,9,MEDIUM
2,35,Dighori,7,14,10,MEDIUM
2,35,Manewada,7,12,11,MEDIUM
2,35,Chatrapati Square,7,11,8,MEDIUM
2,35,Pratap Nagar,7,12,7,MEDIUM
2,35,Trimurti Nagar,7,10,11,MEDIUM
2,35,Dharampeth,7,11,8,MEDIUM
2,35,Hingna,7,9,9,MEDIUM
2,35,YCCE,7,9,6,MEDIUM
2,35,Pardi,8,17,23,PEAK
2,35,HB Town,8,16,18,PEAK
2,35,Wathoda Square,8,18,24,PEAK
2,35,Kharbi Square,8,15,21,PEAK
2,35,Dighori,8,24,25,PEAK
2,35,Manewada,8,22,13,PEAK
2,35,Chatrapati Square,8,21,16,PEAK
2,35,Pratap Nagar,8,19,18,PEAK
2,35,Trimurti Nagar,8,26,23,PEAK
2,35,Dharampeth,8,28,12,PEAK
2,35,Hingna,8,20,14,PEAK
2,35,YCCE,8,27,14,PEAK
2,35,Pardi,9,30,12,PEAK
2,35,HB Town,9,16,10,PEAK
2,35,Wathoda Square,9,26,17,PEAK
2,35,Kharbi Square,9,21,21,PEAK
2,35,Dighori,9,15,22,PEAK
2,35,Manewada,9,24,19,PEAK
2,35,Chatrapati Square,9,19,11,PEAK
2,35,Pratap Nagar,9,16,10,PEAK
2,35,Trimurti Nagar,9,30,18,PEAK
2,35,Dharampeth,9,24,24,PEAK
2,35,Hingna,9,22,13,PEAK
2,35,YCCE,9,30,23,PEAK
2,35,Pardi,10,28,19,PEAK
2,35,HB Town,10,29,19,PEAK
2,35,Wathoda Square,10,15,18,PEAK
2,35,Kharbi Square,10,25,22,PEAK
2,35,Dighori,10,29,10,PEAK
2,35,Manewada,10,24,18,PEAK
2,35,Chatrapati Square,10,18,18,PEAK
2,35,Pratap Nagar,10,30,13,PEAK
2,35,Trimurti Nagar,10,18,12,PEAK
2,35,Dharampeth,10,18,15,PEAK
2,35,Hingna,10,28,24,PEAK
2,35,YCCE,10,25,15,PEAK
2,35,Pardi,11,13,8,MEDIUM
2,35,HB Town,11,9,6,MEDIUM
2,35,Wathoda Square,11,11,10,MEDIUM
2,35,Kharbi Square,11,8,8,MEDIUM
2,35,Dighori,11,8,6,MEDIUM
2,35,Manewada,11,8,6,MEDIUM
2,35,Chatrapati Square,11,8,11,MEDIUM
2,35,Pratap Nagar,11,6,7,MEDIUM
2,35,Trimurti Nagar,11,8,12,MEDIUM
2,35,Dharampeth,11,10,11,MEDIUM
2,35,Hingna,11,8,9,MEDIUM
2,35,YCCE,11,11,6,MEDIUM
2,35,Pardi,12,2,4,LOW
2,35,HB Town,12,6,2,LOW
2,35,Wathoda Square,12,7,4,LOW
2,35,Kharbi Square,12,5,5,LOW
2,35,Dighori,12,8,4,LOW
2,35,Manewada,12,6,5,LOW
2,35,Chatrapati Square,12,7,2,LOW
2,35,Pratap Nagar,12,5,6,LOW
2,35,Trimurti Nagar,12,5,4,LOW
2,35,Dharampeth,12,5,2,LOW
2,35,Hingna,12,4,4,LOW
2,35,YCCE,12,6,6,LOW
2,35,Pardi,13,3,3,LOW
2,35,HB Town,13,5,3,LOW
2,35,Wathoda Square,13,6,5,LOW
2,35,Kharbi Square,13,3,2,LOW
2,35,Dighori,13,8,2,LOW
2,35,Manewada,13,4,3,LOW
2,35,Chatrapati Square,13,2,4,LOW
2,35,Pratap Nagar,13,2,6,LOW
2,35,Trimurti Nagar,13,6,6,LOW
2,35,Dharampeth,13,5,2,LOW
2,35,Hingna,13,5,2,LOW
2,35,YCCE,13,4,5,LOW
2,35,Pardi,14,8,3,LOW
2,35,HB Town,14,8,6,LOW
2,35,Wathoda Square,14,7,3,LOW
2,35,Kharbi Square,14,3,5,LOW
2,35,Dighori,14,6,6,LOW
2,35,Manewada,14,3,6,LOW
2,35,Chatrapati Square,14,3,4,LOW
2,35,Pratap Nagar,14,6,5,LOW
2,35,Trimurti Nagar,14,8,3,LOW
2,35,Dharampeth,14,7,5,LOW
2,35,Hingna,14,5,2,LOW
2,35,YCCE,14,4,5,LOW
2,35,Pardi,15,7,2,LOW
2,35,HB Town,15,6,4,LOW
2,35,Wathoda Square,15,6,3,LOW
2,35,Kharbi Square,15,4,6,LOW
2,35,Dighori,15,5,5,LOW
2,35,Manewada,15,4,2,LOW
2,35,Chatrapati Square,15,8,6,LOW
2,35,Pratap Nagar,15,6,3,LOW
2,35,Trimurti Nagar,15,3,4,LOW
2,35,Dharampeth,15,2,4,LOW
2,35,Hingna,15,5,4,LOW
2,35,YCCE,15,8,4,LOW
2,35,Pardi,16,6,9,MEDIUM
2,35,HB Town,16,6,6,MEDIUM
2,35,Wathoda Square,16,14,9,MEDIUM
2,35,Kharbi Square,16,8,6,MEDIUM
2,35,Dighori,16,7,12,MEDIUM
2,35,Manewada,16,7,10,MEDIUM
2,35,Chatrapati Square,16,11,10,MEDIUM
2,35,Pratap Nagar,16,13,8,MEDIUM
2,35,Trimurti Nagar,16,8,6,MEDIUM
2,35,Dharampeth,16,14,8,MEDIUM
2,35,Hingna,16,8,12,MEDIUM
2,35,YCCE,16,6,9,MEDIUM
2,35,Pardi,17,11,28,HIGH
2,35,HB Town,17,21,14,HIGH
2,35,Wathoda Square,17,16,13,HIGH
2,35,Kharbi Square,17,13,15,HIGH
2,35,Dighori,17,22,16,HIGH
2,35,Manewada,17,17,12,HIGH
2,35,Chatrapati Square,17,15,23,HIGH
2,35,Pratap Nagar,17,16,19,HIGH
2,35,Trimurti Nagar,17,14,17,HIGH
2,35,Dharampeth,17,14,21,HIGH
2,35,Hingna,17,15,18,HIGH
2,35,YCCE,17,13,25,HIGH
2,35,Pardi,18,15,21,HIGH
2,35,HB Town,18,20,21,HIGH
2,35,Wathoda Square,18,20,19,HIGH
2,35,Kharbi Square,18,11,26,HIGH
2,35,Dighori,18,10,14,HIGH
2,35,Manewada,18,16,19,HIGH
2,35,Chatrapati Square,18,14,22,HIGH
2,35,Pratap Nagar,18,14,23,HIGH
2,35,Trimurti Nagar,18,13,16,HIGH
2,35,Dharampeth,18,18,28,HIGH
2,35,Hingna,18,16,21,HIGH
2,35,YCCE,18,15,16,HIGH
2,35,Pardi,19,18,12,HIGH
2,35,HB Town,19,11,28,HIGH
2,35,Wathoda Square,19,21,16,HIGH
2,35,Kharbi Square,19,13,13,HIGH
2,35,Dighori,19,20,19,HIGH
2,35,Manewada,19,17,26,HIGH
2,35,Chatrapati Square,19,18,26,HIGH
2,35,Pratap Nagar,19,12,22,HIGH
2,35,Trimurti Nagar,19,18,21,HIGH
2,35,Dharampeth,19,15,14,HIGH
2,35,Hingna,19,21,23,HIGH
2,35,YCCE,19,20,12,HIGH
2,35,Pardi,20,18,28,HIGH
2,35,HB Town,20,21,22,HIGH
2,35,Wathoda Square,20,22,19,HIGH
2,35,Kharbi Square,20,11,15,HIGH
2,35,Dighori,20,10,19,HIGH
2,35,Manewada,20,13,18,HIGH
2,35,Chatrapati Square,20,12,15,HIGH
2,35,Pratap Nagar,20,12,16,HIGH
2,35,Trimurti Nagar,20,20,15,HIGH
2,35,Dharampeth,20,17,13,HIGH
2,35,Hingna,20,17,28,HIGH
2,35,YCCE,20,12,13,HIGH
2,35,Pardi,21,6,6,MEDIUM
2,35,HB Town,21,11,7,MEDIUM
2,35,Wathoda Square,21,10,11,MEDIUM
2,35,Kharbi Square,21,11,10,MEDIUM
2,35,Dighori,21,14,6,MEDIUM
2,35,Manewada,21,11,12,MEDIUM
2,35,Chatrapati Square,21,10,8,MEDIUM
2,35,Pratap Nagar,21,11,8,MEDIUM
2,35,Trimurti Nagar,21,13,12,MEDIUM
2,35,Dharampeth,21,12,12,MEDIUM
2,35,Hingna,21,9,7,MEDIUM
2,35,YCCE,21,12,11,MEDIUM
3,61,Burdi,6,7,6,MEDIUM
3,61,Panchasheel Square,6,13,12,MEDIUM
3,61,Rahate Colony,6,10,10,MEDIUM
3,61,Ajni Square,6,8,9,MEDIUM
3,61,Chatrapati Square,6,8,10,MEDIUM
3,61,Ujjwal Nagar,6,12,8,MEDIUM
3,61,Airport,6,7,11,MEDIUM
3,61,Chinchbhavan,6,8,8,MEDIUM
3,61,Khapri,6,6,8,MEDIUM
3,61,Ashokwan,6,7,9,MEDIUM
3,61,Mohgaon,6,10,8,MEDIUM
3,61,Butibori,6,9,10,MEDIUM
3,61,Burdi,7,14,8,MEDIUM
3,61,Panchasheel Square,7,14,11,MEDIUM
3,61,Rahate Colony,7,12,12,MEDIUM
3,61,Ajni Square,7,12,11,MEDIUM
3,61,Chatrapati Square,7,7,7,MEDIUM
3,61,Ujjwal Nagar,7,11,9,MEDIUM
3,61,Airport,7,11,8,MEDIUM
3,61,Chinchbhavan,7,10,8,MEDIUM
3,61,Khapri,7,11,7,MEDIUM
3,61,Ashokwan,7,11,7,MEDIUM
3,61,Mohgaon,7,14,10,MEDIUM
3,61,Butibori,7,9,6,MEDIUM
3,61,Burdi,8,17,23,PEAK
3,61,Panchasheel Square,8,29,20,PEAK
3,61,Rahate Colony,8,17,16,PEAK
3,61,Ajni Square,8,25,12,PEAK
3,61,Chatrapati Square,8,28,24,PEAK
3,61,Ujjwal Nagar,8,25,16,PEAK
3,61,Airport,8,17,16,PEAK
3,61,Chinchbhavan,8,19,20,PEAK
3,61,Khapri,8,23,18,PEAK
3,61,Ashokwan,8,16,20,PEAK
3,61,Mohgaon,8,25,11,PEAK
3,61,Butibori,8,29,24,PEAK
3,61,Burdi,9,25,11,PEAK
3,61,Panchasheel Square,9,28,18,PEAK
3,61,Rahate Colony,9,29,12,PEAK
3,61,Ajni Square,9,18,17,PEAK
3,61,Chatrapati Square,9,21,23,PEAK
3,61,Ujjwal Nagar,9,18,15,PEAK
3,61,Airport,9,23,10,PEAK
3,61,Chinchbhavan,9,28,24,PEAK
3,61,Khapri,9,30,24,PEAK
3,61,Ashokwan,9,21,18,PEAK
3,61,Mohgaon,9,21,23,PEAK
3,61,Butibori,9,22,13,PEAK
3,61,Burdi,10,22,24,PEAK
3,61,Panchasheel Square,10,21,21,PEAK
3,61,Rahate Colony,10,22,23,PEAK
3,61,Ajni Square,10,17,23,PEAK
3,61,Chatrapati Square,10,17,22,PEAK
3,61,Ujjwal Nagar,10,19,12,PEAK
3,61,Airport,10,30,11,PEAK
3,61,Chinchbhavan,10,27,12,PEAK
3,61,Khapri,10,18,21,PEAK
3,61,Ashokwan,10,16,11,PEAK
3,61,Mohgaon,10,27,25,PEAK
3,61,Butibori,10,25,11,PEAK
3,61,Burdi,11,13,10,MEDIUM
3,61,Panchasheel Square,11,12,9,MEDIUM
3,61,Rahate Colony,11,10,9,MEDIUM
3,61,Ajni Square,11,14,11,MEDIUM
3,61,Chatrapati Square,11,14,7,MEDIUM
3,61,Ujjwal Nagar,11,6,6,MEDIUM
3,61,Airport,11,8,6,MEDIUM
3,61,Chinchbhavan,11,6,8,MEDIUM
3,61,Khapri,11,11,7,MEDIUM
3,61,Ashokwan,11,12,6,MEDIUM
3,61,Mohgaon,11,14,8,MEDIUM
3,61,Butibori,11,7,12,MEDIUM
3,61,Burdi,12,7,6,LOW
3,61,Panchasheel Square,12,7,2,LOW
3,61,Rahate Colony,12,2,6,LOW
3,61,Ajni Square,12,6,3,LOW
3,61,Chatrapati Square,12,4,4,LOW
3,61,Ujjwal Nagar,12,5,4,LOW
3,61,Airport,12,8,2,LOW
3,61,Chinchbhavan,12,2,6,LOW
3,61,Khapri,12,7,2,LOW
3,61,Ashokwan,12,4,2,LOW
3,61,Mohgaon,12,4,6,LOW
3,61,Butibori,12,3,6,LOW
3,61,Burdi,13,8,5,LOW
3,61,Panchasheel Square,13,8,5,LOW
3,61,Rahate Colony,13,8,3,LOW
3,61,Ajni Square,13,8,5,LOW
3,61,Chatrapati Square,13,4,6,LOW
3,61,Ujjwal Nagar,13,4,3,LOW
3,61,Airport,13,8,6,LOW
3,61,Chinchbhavan,13,4,2,LOW
3,61,Khapri,13,8,4,LOW
3,61,Ashokwan,13,7,6,LOW
3,61,Mohgaon,13,2,4,LOW
3,61,Butibori,13,8,4,LOW
3,61,Burdi,14,6,2,LOW
3,61,Panchasheel Square,14,2,6,LOW
3,61,Rahate Colony,14,8,6,LOW
3,61,Ajni Square,14,5,5,LOW
3,61,Chatrapati Square,14,3,3,LOW
3,61,Ujjwal Nagar,14,4,3,LOW
3,61,Airport,14,6,4,LOW
3,61,Chinchbhavan,14,3,2,LOW
3,61,Khapri,14,4,3,LOW
3,61,Ashokwan,14,4,4,LOW
3,61,Mohgaon,14,4,5,LOW
3,61,Butibori,14,3,4,LOW
3,61,Burdi,15,5,6,LOW
3,61,Panchasheel Square,15,8,3,LOW
3,61,Rahate Colony,15,7,5,LOW
3,61,Ajni Square,15,4,5,LOW
3,61,Chatrapati Square,15,3,6,LOW
3,61,Ujjwal Nagar,15,5,3,LOW
3,61,Airport,15,2,5,LOW
3,61,Chinchbhavan,15,5,2,LOW
3,61,Khapri,15,2,4,LOW
3,61,Ashokwan,15,6,3,LOW
3,61,Mohgaon,15,2,3,LOW
3,61,Butibori,15,6,3,LOW
3,61,Burdi,16,7,9,MEDIUM
3,61,Panchasheel Square,16,8,11,MEDIUM
3,61,Rahate Colony,16,11,8,MEDIUM
3,61,Ajni Square,16,8,11,MEDIUM
3,61,Chatrapati Square,16,6,8,MEDIUM
3,61,Ujjwal Nagar,16,10,10,MEDIUM
3,61,Airport,16,13,12,MEDIUM
3,61,Chinchbhavan,16,8,6,MEDIUM
3,61,Khapri,16,12,7,MEDIUM
3,61,Ashokwan,16,9,8,MEDIUM
3,61,Mohgaon,16,12,12,MEDIUM
3,61,Butibori,16,6,8,MEDIUM
3,61,Burdi,17,11,17,HIGH
3,61,Panchasheel Square,17,10,25,HIGH
3,61,Rahate Colony,17,14,13,HIGH
3,61,Ajni Square,17,20,26,HIGH
3,61,Chatrapati Square,17,16,26,HIGH
3,61,Ujjwal Nagar,17,12,26,HIGH
3,61,Airport,17,16,13,HIGH
3,61,Chinchbhavan,17,19,16,HIGH
3,61,Khapri,17,10,21,HIGH
3,61,Ashokwan,17,18,21,HIGH
3,61,Mohgaon,17,11,21,HIGH
3,61,Butibori,17,19,12,HIGH
3,61,Burdi,18,16,15,HIGH
3,61,Panchasheel Square,18,15,17,HIGH
3,61,Rahate Colony,18,21,27,HIGH
3,61,Ajni Square,18,22,16,HIGH
3,61,Chatrapati Square,18,15,12,HIGH
3,61,Ujjwal Nagar,18,18,14,HIGH
3,61,Airport,18,15,28,HIGH
3,61,Chinchbhavan,18,21,20,HIGH
3,61,Khapri,18,10,12,HIGH
3,61,Ashokwan,18,10,24,HIGH
3,61,Mohgaon,18,11,23,HIGH
3,61,Butibori,18,11,19,HIGH
3,61,Burdi,19,17,26,HIGH
3,61,Panchasheel Square,19,13,12,HIGH
3,61,Rahate Colony,19,10,22,HIGH
3,61,Ajni Square,19,11,12,HIGH
3,61,Chatrapati Square,19,10,21,HIGH
3,61,Ujjwal Nagar,19,20,13,HIGH
3,61,Airport,19,14,22,HIGH
3,61,Chinchbhavan,19,20,18,HIGH
3,61,Khapri,19,13,13,HIGH
3,61,Ashokwan,19,22,16,HIGH
3,61,Mohgaon,19,19,26,HIGH
3,61,Butibori,19,19,21,HIGH
3,61,Burdi,20,19,14,HIGH
3,61,Panchasheel Square,20,22,18,HIGH
3,61,Rahate Colony,20,21,27,HIGH
3,61,Ajni Square,20,15,18,HIGH
3,61,Chatrapati Square,20,21,16,HIGH
3,61,Ujjwal Nagar,20,14,15,HIGH
3,61,Airport,20,17,16,HIGH
3,61,Chinchbhavan,20,16,17,HIGH
3,61,Khapri,20,22,12,HIGH
3,61,Ashokwan,20,10,24,HIGH
3,61,Mohgaon,20,12,27,HIGH
3,61,Butibori,20,14,28,HIGH
3,61,Burdi,21,7,9,MEDIUM
3,61,Panchasheel Square,21,7,10,MEDIUM
3,61,Rahate Colony,21,14,8,MEDIUM
3,61,Ajni Square,21,13,7,MEDIUM
3,61,Chatrapati Square,21,7,7,MEDIUM
3,61,Ujjwal Nagar,21,8,6,MEDIUM
3,61,Airport,21,7,12,MEDIUM
3,61,Chinchbhavan,21,13,6,MEDIUM
3,61,Khapri,21,7,11,MEDIUM
3,61,Ashokwan,21,10,7,MEDIUM
3,61,Mohgaon,21,6,11,MEDIUM
3,61,Butibori,21,12,9,MEDIUM
3,35,Pardi,6,8,12,MEDIUM
3,35,HB Town,6,13,7,MEDIUM
3,35,Wathoda Square,6,9,10,MEDIUM
3,35,Kharbi Square,6,12,8,MEDIUM
3,35,Dighori,6,13,6,MEDIUM
3,35,Manewada,6,13,6,MEDIUM
3,35,Chatrapati Square,6,7,10,MEDIUM
3,35,Pratap Nagar,6,14,6,MEDIUM
3,35,Trimurti Nagar,6,12,11,MEDIUM
3,35,Dharampeth,6,14,12,MEDIUM
3,35,Hingna,6,11,11,MEDIUM
3,35,YCCE,6,12,6,MEDIUM
3,35,Pardi,7,13,8,MEDIUM
3,35,HB Town,7,14,6,MEDIUM
3,35,Wathoda Square,7,10,9,MEDIUM
3,35,Kharbi Square,7,12,8,MEDIUM
3,35,Dighori,7,6,10,MEDIUM
3,35,Manewada,7,11,7,MEDIUM
3,35,Chatrapati Square,7,13,11,MEDIUM
3,35,Pratap Nagar,7,7,11,MEDIUM
3,35,Trimurti Nagar,7,11,7,MEDIUM
3,35,Dharampeth,7,7,7,MEDIUM
3,35,Hingna,7,11,6,MEDIUM
3,35,YCCE,7,10,10,MEDIUM
3,35,Pardi,8,21,24,PEAK
3,35,HB Town,8,28,22,PEAK
3,35,Wathoda Square,8,15,14,PEAK
3,35,Kharbi Square,8,28,10,PEAK
3,35,Dighori,8,28,23,PEAK
3,35,Manewada,8,27,25,PEAK
3,35,Chatrapati Square,8,24,11,PEAK
3,35,Pratap Nagar,8,16,24,PEAK
3,35,Trimurti Nagar,8,21,22,PEAK
3,35,Dharampeth,8,17,25,PEAK
3,35,Hingna,8,30,10,PEAK
3,35,YCCE,8,15,20,PEAK
3,35,Pardi,9,21,14,PEAK
3,35,HB Town,9,24,16,PEAK
3,35,Wathoda Square,9,22,23,PEAK
3,35,Kharbi Square,9,19,15,PEAK
3,35,Dighori,9,27,10,PEAK
3,35,Manewada,9,23,21,PEAK
3,35,Chatrapati Square,9,20,18,PEAK
3,35,Pratap Nagar,9,15,21,PEAK
3,35,Trimurti Nagar,9,21,15,PEAK
3,35,Dharampeth,9,26,17,PEAK
3,35,Hingna,9,21,10,PEAK
3,35,YCCE,9,28,25,PEAK
3,35,Pardi,10,19,14,PEAK
3,35,HB Town,10,22,24,PEAK
3,35,Wathoda Square,10,20,14,PEAK
3,35,Kharbi Square,10,20,10,PEAK
3,35,Dighori,10,26,19,PEAK
3,35,Manewada,10,24,18,PEAK
3,35,Chatrapati Square,10,15,18,PEAK
3,35,Pratap Nagar,10,15,20,PEAK
3,35,Trimurti Nagar,10,24,25,PEAK
3,35,Dharampeth,10,26,17,PEAK
3,35,Hingna,10,18,13,PEAK
3,35,YCCE,10,23,14,PEAK
3,35,Pardi,11,7,7,MEDIUM
3,35,HB Town,11,11,12,MEDIUM
3,35,Wathoda Square,11,12,9,MEDIUM
3,35,Kharbi Square,11,9,8,MEDIUM
3,35,Dighori,11,9,7,MEDIUM
3,35,Manewada,11,13,11,MEDIUM
3,35,Chatrapati Square,11,8,10,MEDIUM
3,35,Pratap Nagar,11,13,6,MEDIUM
3,35,Trimurti Nagar,11,12,11,MEDIUM
3,35,Dharampeth,11,6,11,MEDIUM
3,35,Hingna,11,6,9,MEDIUM
3,35,YCCE,11,10,8,MEDIUM
3,35,Pardi,12,8,5,LOW
3,35,HB Town,12,3,5,LOW
3,35,Wathoda Square,12,5,2,LOW
3,35,Kharbi Square,12,8,3,LOW
3,35,Dighori,12,2,2,LOW
3,35,Manewada,12,6,6,LOW
3,35,Chatrapati Square,12,4,3,LOW
3,35,Pratap Nagar,12,3,4,LOW
3,35,Trimurti Nagar,12,8,3,LOW
3,35,Dharampeth,12,2,3,LOW
3,35,Hingna,12,8,5,LOW
3,35,YCCE,12,4,4,LOW
3,35,Pardi,13,5,6,LOW
3,35,HB Town,13,7,6,LOW
3,35,Wathoda Square,13,4,3,LOW
3,35,Kharbi Square,13,8,4,LOW
3,35,Dighori,13,2,2,LOW
3,35,Manewada,13,6,5,LOW
3,35,Chatrapati Square,13,7,5,LOW
3,35,Pratap Nagar,13,2,6,LOW
3,35,Trimurti Nagar,13,8,2,LOW
3,35,Dharampeth,13,8,3,LOW
3,35,Hingna,13,7,4,LOW
3,35,YCCE,13,8,3,LOW
3,35,Pardi,14,5,6,LOW
3,35,HB Town,14,3,6,LOW
3,35,Wathoda Square,14,8,2,LOW
3,35,Kharbi Square,14,2,5,LOW
3,35,Dighori,14,3,3,LOW
3,35,Manewada,14,3,3,LOW
3,35,Chatrapati Square,14,8,4,LOW
3,35,Pratap Nagar,14,8,4,LOW
3,35,Trimurti Nagar,14,5,2,LOW
3,35,Dharampeth,14,5,4,LOW
3,35,Hingna,14,8,3,LOW
3,35,YCCE,14,5,2,LOW
3,35,Pardi,15,3,4,LOW
3,35,HB Town,15,2,6,LOW
3,35,Wathoda Square,15,5,4,LOW
3,35,Kharbi Square,15,4,6,LOW
3,35,Dighori,15,7,6,LOW
3,35,Manewada,15,6,3,LOW
3,35,Chatrapati Square,15,5,2,LOW
3,35,Pratap Nagar,15,7,6,LOW
3,35,Trimurti Nagar,15,3,5,LOW
3,35,Dharampeth,15,8,3,LOW
3,35,Hingna,15,4,4,LOW
3,35,YCCE,15,7,3,LOW
3,35,Pardi,16,13,9,MEDIUM
3,35,HB Town,16,12,10,MEDIUM
3,35,Wathoda Square,16,13,7,MEDIUM
3,35,Kharbi Square,16,10,8,MEDIUM
3,35,Dighori,16,9,7,MEDIUM
3,35,Manewada,16,8,11,MEDIUM
3,35,Chatrapati Square,16,9,8,MEDIUM
3,35,Pratap Nagar,16,13,7,MEDIUM
3,35,Trimurti Nagar,16,14,11,MEDIUM
3,35,Dharampeth,16,12,9,MEDIUM
3,35,Hingna,16,7,11,MEDIUM
3,35,YCCE,16,11,8,MEDIUM
3,35,Pardi,17,10,17,HIGH
3,35,HB Town,17,11,28,HIGH
3,35,Wathoda Square,17,19,19,HIGH
3,35,Kharbi Square,17,16,13,HIGH
3,35,Dighori,17,13,21,HIGH
3,35,Manewada,17,10,23,HIGH
3,35,Chatrapati Square,17,15,16,HIGH
3,35,Pratap Nagar,17,13,27,HIGH
3,35,Trimurti Nagar,17,19,27,HIGH
3,35,Dharampeth,17,22,27,HIGH
3,35,Hingna,17,11,22,HIGH
3,35,YCCE,17,21,12,HIGH
3,35,Pardi,18,13,14,HIGH
3,35,HB Town,18,11,16,HIGH
3,35,Wathoda Square,18,12,20,HIGH
3,35,Kharbi Square,18,10,14,HIGH
3,35,Dighori,18,18,19,HIGH
3,35,Manewada,18,10,22,HIGH
3,35,Chatrapati Square,18,17,25,HIGH
3,35,Pratap Nagar,18,12,26,HIGH
3,35,Trimurti Nagar,18,17,15,HIGH
3,35,Dharampeth,18,20,23,HIGH
3,35,Hingna,18,19,15,HIGH
3,35,YCCE,18,10,20,HIGH
3,35,Pardi,19,10,19,HIGH
3,35,HB Town,19,10,17,HIGH
3,35,Wathoda Square,19,22,17,HIGH
3,35,Kharbi Square,19,12,22,HIGH
3,35,Dighori,19,10,21,HIGH
3,35,Manewada,19,15,17,HIGH
3,35,Chatrapati Square,19,17,14,HIGH
3,35,Pratap Nagar,19,20,18,HIGH
3,35,Trimurti Nagar,19,12,12,HIGH
3,35,Dharampeth,19,10,28,HIGH
3,35,Hingna,19,16,15,HIGH
3,35,YCCE,19,19,23,HIGH
3,35,Pardi,20,13,13,HIGH
3,35,HB Town,20,13,15,HIGH
3,35,Wathoda Square,20,14,12,HIGH
3,35,Kharbi Square,20,22,28,HIGH
3,35,Dighori,20,14,26,HIGH
3,35,Manewada,20,11,26,HIGH
3,35,Chatrapati Square,20,22,14,HIGH
3,35,Pratap Nagar,20,12,17,HIGH
3,35,Trimurti Nagar,20,21,21,HIGH
3,35,Dharampeth,20,16,20,HIGH
3,35,Hingna,20,17,13,HIGH
3,35,YCCE,20,18,20,HIGH
3,35,Pardi,21,14,11,MEDIUM
3,35,HB Town,21,12,11,MEDIUM
3,35,Wathoda Square,21,9,12,MEDIUM
3,35,Kharbi Square,21,6,10,MEDIUM
3,35,Dighori,21,9,9,MEDIUM
3,35,Manewada,21,9,9,MEDIUM
3,35,Chatrapati Square,21,11,12,MEDIUM
3,35,Pratap Nagar,21,12,6,MEDIUM
3,35,Trimurti Nagar,21,12,9,MEDIUM
3,35,Dharampeth,21,7,11,MEDIUM
3,35,Hingna,21,11,12,MEDIUM
3,35,YCCE,21,10,6,MEDIUM
4,61,Burdi,6,6,8,MEDIUM
4,61,Panchasheel Square,6,10,8,MEDIUM
4,61,Rahate Colony,6,14,10,MEDIUM
4,61,Ajni Square,6,9,10,MEDIUM
4,61,Chatrapati Square,6,11,6,MEDIUM
4,61,Ujjwal Nagar,6,13,6,MEDIUM
4,61,Airport,6,9,12,MEDIUM
4,61,Chinchbhavan,6,7,7,MEDIUM
4,61,Khapri,6,7,7,MEDIUM
4,61,Ashokwan,6,11,11,MEDIUM
4,61,Mohgaon,6,8,6,MEDIUM
4,61,Butibori,6,11,7,MEDIUM
4,61,Burdi,7,10,8,MEDIUM
4,61,Panchasheel Square,7,13,9,MEDIUM
4,61,Rahate Colony,7,9,8,MEDIUM
4,61,Ajni Square,7,6,8,MEDIUM
4,61,Chatrapati Square,7,11,9,MEDIUM
4,61,Ujjwal Nagar,7,9,11,MEDIUM
4,61,Airport,7,14,6,MEDIUM
4,61,Chinchbhavan,7,13,6,MEDIUM
4,61,Khapri,7,10,8,MEDIUM
4,61,Ashokwan,7,11,8,MEDIUM
4,61,Mohgaon,7,8,12,MEDIUM
4,61,Butibori,7,11,6,MEDIUM
4,61,Burdi,8,28,21,PEAK
4,61,Panchasheel Square,8,22,22,PEAK
4,61,Rahate Colony,8,21,25,PEAK
4,61,Ajni Square,8,21,17,PEAK
4,61,Chatrapati Square,8,26,23,PEAK
4,61,Ujjwal Nagar,8,21,21,PEAK
4,61,Airport,8,17,21,PEAK
4,61,Chinchbhavan,8,17,16,PEAK
4,61,Khapri,8,27,20,PEAK
4,61,Ashokwan,8,18,18,PEAK
4,61,Mohgaon,8,20,23,PEAK
4,61,Butibori,8,24,16,PEAK
4,61,Burdi,9,21,21,PEAK
4,61,Panchasheel Square,9,27,14,PEAK
4,61,Rahate Colony,9,18,20,PEAK
4,61,Ajni Square,9,23,14,PEAK
4,61,Chatrapati Square,9,19,21,PEAK
4,61,Ujjwal Nagar,9,17,12,PEAK
4,61,Airport,9,18,15,PEAK
4,61,Chinchbhavan,9,27,12,PEAK
4,61,Khapri,9,16,22,PEAK
4,61,Ashokwan,9,22,14,PEAK
4,61,Mohgaon,9,15,20,PEAK
4,61,Butibori,9,25,21,PEAK
4,61,Burdi,10,18,14,PEAK
4,61,Panchasheel Square,10,15,25,PEAK
4,61,Rahate Colony,10,22,19,PEAK
4,61,Ajni Square,10,19,11,PEAK
4,61,Chatrapati Square,10,21,21,PEAK
4,61,Ujjwal Nagar,10,23,15,PEAK
4,61,Airport,10,18,21,PEAK
4,61,Chinchbhavan,10,15,24,PEAK
4,61,Khapri,10,30,24,PEAK
4,61,Ashokwan,10,20,11,PEAK
4,61,Mohgaon,10,17,12,PEAK
4,61,Butibori,10,26,22,PEAK
4,61,Burdi,11,8,8,MEDIUM
4,61,Panchasheel Square,11,12,8,MEDIUM
4,61,Rahate Colony,11,14,7,MEDIUM
4,61,Ajni Square,11,7,8,MEDIUM
4,61,Chatrapati Square,11,11,10,MEDIUM
4,61,Ujjwal Nagar,11,14,7,MEDIUM
4,61,Airport,11,14,11,MEDIUM
4,61,Chinchbhavan,11,9,11,MEDIUM
4,61,Khapri,11,10,8,MEDIUM
4,61,Ashokwan,11,12,7,MEDIUM
4,61,Mohgaon,11,7,10,MEDIUM
4,61,Butibori,11,12,7,MEDIUM
4,61,Burdi,12,3,2,LOW
4,61,Panchasheel Square,12,2,2,LOW
4,61,Rahate Colony,12,5,2,LOW
4,61,Ajni Square,12,5,6,LOW
4,61,Chatrapati Square,12,3,6,LOW
4,61,Ujjwal Nagar,12,7,5,LOW
4,61,Airport,12,2,4,LOW
4,61,Chinchbhavan,12,7,4,LOW
4,61,Khapri,12,2,5,LOW
4,61,Ashokwan,12,2,6,LOW
4,61,Mohgaon,12,4,3,LOW
4,61,Butibori,12,8,6,LOW
4,61,Burdi,13,7,3,LOW
4,61,Panchasheel Square,13,5,5,LOW
4,61,Rahate Colony,13,2,5,LOW
4,61,Ajni Square,13,5,2,LOW
4,61,Chatrapati Square,13,8,3,LOW
4,61,Ujjwal Nagar,13,3,6,LOW
4,61,Airport,13,5,3,LOW
4,61,Chinchbhavan,13,3,2,LOW
4,61,Khapri,13,4,6,LOW
4,61,Ashokwan,13,8,4,LOW
4,61,Mohgaon,13,6,2,LOW
4,61,Butibori,13,3,3,LOW
4,61,Burdi,14,5,5,LOW
4,61,Panchasheel Square,14,2,5,LOW
4,61,Rahate Colony,14,3,6,LOW
4,61,Ajni Square,14,4,3,LOW
4,61,Chatrapati Square,14,7,4,LOW
4,61,Ujjwal Nagar,14,2,5,LOW
4,61,Airport,14,2,6,LOW
4,61,Chinchbhavan,14,2,2,LOW
4,61,Khapri,14,3,5,LOW
4,61,Ashokwan,14,5,5,LOW
4,61,Mohgaon,14,4,2,LOW
4,61,Butibori,14,4,4,LOW
4,61,Burdi,15,5,6,LOW
4,61,Panchasheel Square,15,6,3,LOW
4,61,Rahate Colony,15,7,5,LOW
4,61,Ajni Square,15,8,2,LOW
4,61,Chatrapati Square,15,3,3,LOW
4,61,Ujjwal Nagar,15,4,5,LOW
4,61,Airport,15,3,2,LOW
4,61,Chinchbhavan,15,7,3,LOW
4,61,Khapri,15,4,4,LOW
4,61,Ashokwan,15,3,5,LOW
4,61,Mohgaon,15,4,6,LOW
4,61,Butibori,15,2,5,LOW
4,61,Burdi,16,8,11,MEDIUM
4,61,Panchasheel Square,16,10,9,MEDIUM
4,61,Rahate Colony,16,9,9,MEDIUM
4,61,Ajni Square,16,6,8,MEDIUM
4,61,Chatrapati Square,16,6,8,MEDIUM
4,61,Ujjwal Nagar,16,13,10,MEDIUM
4,61,Airport,16,12,10,MEDIUM
4,61,Chinchbhavan,16,13,10,MEDIUM
4,61,Khapri,16,11,10,MEDIUM
4,61,Ashokwan,16,13,9,MEDIUM
4,61,Mohgaon,16,11,11,MEDIUM
4,61,Butibori,16,12,9,MEDIUM
4,61,Burdi,17,19,20,HIGH
4,61,Panchasheel Square,17,16,23,HIGH
4,61,Rahate Colony,17,21,28,HIGH
4,61,Ajni Square,17,20,17,HIGH
4,61,Chatrapati Square,17,12,23,HIGH
4,61,Ujjwal Nagar,17,21,25,HIGH
4,61,Airport,17,17,12,HIGH
4,61,Chinchbhavan,17,17,13,HIGH
4,61,Khapri,17,12,20,HIGH
4,61,Ashokwan,17,15,27,HIGH
4,61,Mohgaon,17,22,25,HIGH
4,61,Butibori,17,14,19,HIGH
4,61,Burdi,18,22,16,HIGH
4,61,Panchasheel Square,18,17,15,HIGH
4,61,Rahate Colony,18,22,18,HIGH
4,61,Ajni Square,18,16,16,HIGH
4,61,Chatrapati Square,18,14,25,HIGH
4,61,Ujjwal Nagar,18,20,15,HIGH
4,61,Airport,18,18,13,HIGH
4,61,Chinchbhavan,18,15,16,HIGH
4,61,Khapri,18,22,12,HIGH
4,61,Ashokwan,18,12,14,HIGH
4,61,Mohgaon,18,19,14,HIGH
4,61,Butibori,18,17,16,HIGH
4,61,Burdi,19,21,12,HIGH
4,61,Panchasheel Square,19,21,23,HIGH
4,61,Rahate Colony,19,12,15,HIGH
4,61,Ajni Square,19,12,12,HIGH
4,61,Chatrapati Square,19,14,20,HIGH
4,61,Ujjwal Nagar,19,13,24,HIGH
4,61,Airport,19,21,15,HIGH
4,61,Chinchbhavan,19,12,14,HIGH
4,61,Khapri,19,17,12,HIGH
4,61,Ashokwan,19,19,19,HIGH
4,61,Mohgaon,19,22,19,HIGH
4,61,Butibori,19,13,28,HIGH
4,61,Burdi,20,18,12,HIGH
4,61,Panchasheel Square,20,20,17,HIGH
4,61,Rahate Colony,20,13,24,HIGH
4,61,Ajni Square,20,15,18,HIGH
4,61,Chatrapati Square,20,19,14,HIGH
4,61,Ujjwal Nagar,20,15,24,HIGH
4,61,Airport,20,18,20,HIGH
4,61,Chinchbhavan,20,14,21,HIGH
4,61,Khapri,20,20,26,HIGH
4,61,Ashokwan,20,19,25,HIGH
4,61,Mohgaon,20,12,12,HIGH
4,61,Butibori,20,20,24,HIGH
4,61,Burdi,21,12,10,MEDIUM
4,61,Panchasheel Square,21,10,9,MEDIUM
4,61,Rahate Colony,21,12,7,MEDIUM
4,61,Ajni Square,21,6,9,MEDIUM
4,61,Chatrapati Square,21,12,8,MEDIUM
4,61,Ujjwal Nagar,21,8,8,MEDIUM
4,61,Airport,21,13,10,MEDIUM
4,61,Chinchbhavan,21,6,6,MEDIUM
4,61,Khapri,21,8,7,MEDIUM
4,61,Ashokwan,21,6,8,MEDIUM
4,61,Mohgaon,21,11,11,MEDIUM
4,61,Butibori,21,10,12,MEDIUM
4,35,Pardi,6,9,6,MEDIUM
4,35,HB Town,6,11,12,MEDIUM
4,35,Wathoda Square,6,12,7,MEDIUM
4,35,Kharbi Square,6,11,6,MEDIUM
4,35,Dighori,6,7,8,MEDIUM
4,35,Manewada,6,9,11,MEDIUM
4,35,Chatrapati Square,6,6,12,MEDIUM
4,35,Pratap Nagar,6,10,10,MEDIUM
4,35,Trimurti Nagar,6,12,10,MEDIUM
4,35,Dharampeth,6,7,10,MEDIUM
4,35,Hingna,6,12,10,MEDIUM
4,35,YCCE,6,11,8,MEDIUM
4,35,Pardi,7,9,6,MEDIUM
4,35,HB Town,7,14,8,MEDIUM
4,35,Wathoda Square,7,9,12,MEDIUM
4,35,Kharbi Square,7,7,11,MEDIUM
4,35,Dighori,7,6,6,MEDIUM
4,35,Manewada,7,11,9,MEDIUM
4,35,Chatrapati Square,7,6,9,MEDIUM
4,35,Pratap Nagar,7,13,12,MEDIUM
4,35,Trimurti Nagar,7,11,12,MEDIUM
4,35,Dharampeth,7,6,7,MEDIUM
4,35,Hingna,7,11,7,MEDIUM
4,35,YCCE,7,6,7,MEDIUM
4,35,Pardi,8,28,19,PEAK
4,35,HB Town,8,28,13,PEAK
4,35,Wathoda Square,8,17,16,PEAK
4,35,Kharbi Square,8,27,11,PEAK
4,35,Dighori,8,29,13,PEAK
4,35,Manewada,8,24,19,PEAK
4,35,Chatrapati Square,8,21,11,PEAK
4,35,Pratap Nagar,8,29,11,PEAK
4,35,Trimurti Nagar,8,16,11,PEAK
4,35,Dharampeth,8,18,16,PEAK
4,35,Hingna,8,20,12,PEAK
4,35,YCCE,8,24,16,PEAK
4,35,Pardi,9,20,15,PEAK
4,35,HB Town,9,19,24,PEAK
4,35,Wathoda Square,9,20,10,PEAK
4,35,Kharbi Square,9,18,14,PEAK
4,35,Dighori,9,22,11,PEAK
4,35,Manewada,9,18,19,PEAK
4,35,Chatrapati Square,9,24,17,PEAK
4,35,Pratap Nagar,9,16,19,PEAK
4,35,Trimurti Nagar,9,15,20,PEAK
4,35,Dharampeth,9,23,13,PEAK
4,35,Hingna,9,25,23,PEAK
4,35,YCCE,9,29,24,PEAK
4,35,Pardi,10,16,13,PEAK
4,35,HB Town,10,18,12,PEAK
4,35,Wathoda Square,10,24,22,PEAK
4,35,Kharbi Square,10,15,23,PEAK
4,35,Dighori,10,18,11,PEAK
4,35,Manewada,10,17,15,PEAK
4,35,Chatrapati Square,10,27,12,PEAK
4,35,Pratap Nagar,10,24,19,PEAK
4,35,Trimurti Nagar,10,26,23,PEAK
4,35,Dharampeth,10,27,17,PEAK
4,35,Hingna,10,20,25,PEAK
4,35,YCCE,10,18,11,PEAK
4,35,Pardi,11,6,7,MEDIUM
4,35,HB Town,11,12,10,MEDIUM
4,35,Wathoda Square,11,9,9,MEDIUM
4,35,Kharbi Square,11,9,8,MEDIUM
4,35,Dighori,11,8,12,MEDIUM
4,35,Manewada,11,13,12,MEDIUM
4,35,Chatrapati Square,11,8,11,MEDIUM
4,35,Pratap Nagar,11,8,6,MEDIUM
4,35,Trimurti Nagar,11,7,11,MEDIUM
4,35,Dharampeth,11,8,10,MEDIUM
4,35,Hingna,11,8,10,MEDIUM
4,35,YCCE,11,10,6,MEDIUM
4,35,Pardi,12,2,6,LOW
4,35,HB Town,12,3,4,LOW
4,35,Wathoda Square,12,2,5,LOW
4,35,Kharbi Square,12,7,6,LOW
4,35,Dighori,12,4,5,LOW
4,35,Manewada,12,8,4,LOW
4,35,Chatrapati Square,12,6,3,LOW
4,35,Pratap Nagar,12,4,3,LOW
4,35,Trimurti Nagar,12,5,5,LOW
4,35,Dharampeth,12,5,6,LOW
4,35,Hingna,12,4,5,LOW
4,35,YCCE,12,5,3,LOW
4,35,Pardi,13,7,5,LOW
4,35,HB Town,13,7,3,LOW
4,35,Wathoda Square,13,7,4,LOW
4,35,Kharbi Square,13,8,5,LOW
4,35,Dighori,13,8,5,LOW
4,35,Manewada,13,6,2,LOW
4,35,Chatrapati Square,13,5,3,LOW
4,35,Pratap Nagar,13,7,3,LOW
4,35,Trimurti Nagar,13,5,5,LOW
4,35,Dharampeth,13,8,3,LOW
4,35,Hingna,13,7,5,LOW
4,35,YCCE,13,6,5,LOW
4,35,Pardi,14,7,3,LOW
4,35,HB Town,14,5,3,LOW
4,35,Wathoda Square,14,3,6,LOW
4,35,Kharbi Square,14,7,5,LOW
4,35,Dighori,14,5,2,LOW
4,35,Manewada,14,7,2,LOW
4,35,Chatrapati Square,14,8,6,LOW
4,35,Pratap Nagar,14,7,5,LOW
4,35,Trimurti Nagar,14,5,3,LOW
4,35,Dharampeth,14,2,2,LOW
4,35,Hingna,14,8,3,LOW
4,35,YCCE,14,4,6,LOW
4,35,Pardi,15,6,6,LOW
4,35,HB Town,15,2,5,LOW
4,35,Wathoda Square,15,8,2,LOW
4,35,Kharbi Square,15,8,3,LOW
4,35,Dighori,15,7,2,LOW
4,35,Manewada,15,8,4,LOW
4,35,Chatrapati Square,15,2,5,LOW
4,35,Pratap Nagar,15,6,5,LOW
4,35,Trimurti Nagar,15,3,6,LOW
4,35,Dharampeth,15,4,3,LOW
4,35,Hingna,15,7,2,LOW
4,35,YCCE,15,7,2,LOW
4,35,Pardi,16,8,9,MEDIUM
4,35,HB Town,16,8,9,MEDIUM
4,35,Wathoda Square,16,10,9,MEDIUM
4,35,Kharbi Square,16,12,10,MEDIUM
4,35,Dighori,16,8,11,MEDIUM
4,35,Manewada,16,6,9,MEDIUM
4,35,Chatrapati Square,16,6,11,MEDIUM
4,35,Pratap Nagar,16,14,8,MEDIUM
4,35,Trimurti Nagar,16,11,8,MEDIUM
4,35,Dharampeth,16,8,8,MEDIUM
4,35,Hingna,16,14,9,MEDIUM
4,35,YCCE,16,7,12,MEDIUM
4,35,Pardi,17,14,25,HIGH
4,35,HB Town,17,21,22,HIGH
4,35,Wathoda Square,17,19,18,HIGH
4,35,Kharbi Square,17,19,23,HIGH
4,35,Dighori,17,10,25,HIGH
4,35,Manewada,17,13,27,HIGH
4,35,Chatrapati Square,17,20,13,HIGH
4,35,Pratap Nagar,17,16,23,HIGH
4,35,Trimurti Nagar,17,20,24,HIGH
4,35,Dharampeth,17,17,28,HIGH
4,35,Hingna,17,21,20,HIGH
4,35,YCCE,17,11,13,HIGH
4,35,Pardi,18,17,23,HIGH
4,35,HB Town,18,21,22,HIGH
4,35,Wathoda Square,18,17,16,HIGH
4,35,Kharbi Square,18,12,24,HIGH
4,35,Dighori,18,14,13,HIGH
4,35,Manewada,18,21,23,HIGH
4,35,Chatrapati Square,18,19,23,HIGH
4,35,Pratap Nagar,18,15,14,HIGH
4,35,Trimurti Nagar,18,14,23,HIGH
4,35,Dharampeth,18,19,16,HIGH
4,35,Hingna,18,12,14,HIGH
4,35,YCCE,18,17,18,HIGH
4,35,Pardi,19,14,24,HIGH
4,35,HB Town,19,12,22,HIGH
4,35,Wathoda Square,19,13,21,HIGH
4,35,Kharbi Square,19,12,15,HIGH
4,35,Dighori,19,16,23,HIGH
4,35,Manewada,19,21,21,HIGH
4,35,Chatrapati Square,19,17,17,HIGH
4,35,Pratap Nagar,19,12,28,HIGH
4,35,Trimurti Nagar,19,14,20,HIGH
4,35,Dharampeth,19,16,21,HIGH
4,35,Hingna,19,19,25,HIGH
4,35,YCCE,19,12,14,HIGH
4,35,Pardi,20,12,23,HIGH
4,35,HB Town,20,21,14,HIGH
4,35,Wathoda Square,20,14,20,HIGH
4,35,Kharbi Square,20,12,19,HIGH
4,35,Dighori,20,11,22,HIGH
4,35,Manewada,20,21,27,HIGH
4,35,Chatrapati Square,20,21,26,HIGH
4,35,Pratap Nagar,20,20,16,HIGH
4,35,Trimurti Nagar,20,19,27,HIGH
4,35,Dharampeth,20,22,28,HIGH
4,35,Hingna,20,22,12,HIGH
4,35,YCCE,20,13,16,HIGH
4,35,Pardi,21,13,6,MEDIUM
4,35,HB Town,21,7,9,MEDIUM
4,35,Wathoda Square,21,13,11,MEDIUM
4,35,Kharbi Square,21,10,9,MEDIUM
4,35,Dighori,21,14,11,MEDIUM
4,35,Manewada,21,12,8,MEDIUM
4,35,Chatrapati Square,21,11,11,MEDIUM
4,35,Pratap Nagar,21,7,8,MEDIUM
4,35,Trimurti Nagar,21,6,9,MEDIUM
4,35,Dharampeth,21,11,7,MEDIUM
4,35,Hingna,21,6,9,MEDIUM
4,35,YCCE,21,12,10,MEDIUM
5,61,Burdi,6,11,12,MEDIUM
5,61,Panchasheel Square,6,10,12,MEDIUM
5,61,Rahate Colony,6,7,11,MEDIUM
5,61,Ajni Square,6,8,7,MEDIUM
5,61,Chatrapati Square,6,9,8,MEDIUM
5,61,Ujjwal Nagar,6,8,9,MEDIUM
5,61,Airport,6,14,11,MEDIUM
5,61,Chinchbhavan,6,10,9,MEDIUM
5,61,Khapri,6,13,10,MEDIUM
5,61,Ashokwan,6,7,6,MEDIUM
5,61,Mohgaon,6,9,10,MEDIUM
5,61,Butibori,6,11,10,MEDIUM
5,61,Burdi,7,9,6,MEDIUM
5,61,Panchasheel Square,7,14,9,MEDIUM
5,61,Rahate Colony,7,7,11,MEDIUM
5,61,Ajni Square,7,6,6,MEDIUM
5,61,Chatrapati Square,7,10,12,MEDIUM
5,61,Ujjwal Nagar,7,8,11,MEDIUM
5,61,Airport,7,7,6,MEDIUM
5,61,Chinchbhavan,7,14,6,MEDIUM
5,61,Khapri,7,9,9,MEDIUM
5,61,Ashokwan,7,10,7,MEDIUM
5,61,Mohgaon,7,6,8,MEDIUM
5,61,Butibori,7,8,9,MEDIUM
5,61,Burdi,8,16,16,PEAK
5,61,Panchasheel Square,8,21,16,PEAK
5,61,Rahate Colony,8,29,24,PEAK
5,61,Ajni Square,8,30,12,PEAK
5,61,Chatrapati Square,8,20,16,PEAK
5,61,Ujjwal Nagar,8,30,14,PEAK
5,61,Airport,8,24,11,PEAK
5,61,Chinchbhavan,8,24,23,PEAK
5,61,Khapri,8,18,23,PEAK
5,61,Ashokwan,8,29,10,PEAK
5,61,Mohgaon,8,27,17,PEAK
5,61,Butibori,8,28,16,PEAK
5,61,Burdi,9,28,13,PEAK
5,61,Panchasheel Square,9,29,15,PEAK
5,61,Rahate Colony,9,19,13,PEAK
5,61,Ajni Square,9,25,21,PEAK
5,61,Chatrapati Square,9,15,24,PEAK
5,61,Ujjwal Nagar,9,29,10,PEAK
5,61,Airport,9,21,10,PEAK
5,61,Chinchbhavan,9,20,20,PEAK
5,61,Khapri,9,29,16,PEAK
5,61,Ashokwan,9,28,13,PEAK
5,61,Mohgaon,9,30,18,PEAK
5,61,Butibori,9,15,20,PEAK
5,61,Burdi,10,27,15,PEAK
5,61,Panchasheel Square,10,18,22,PEAK
5,61,Rahate Colony,10,27,10,PEAK
5,61,Ajni Square,10,30,21,PEAK
5,61,Chatrapati Square,10,25,20,PEAK
5,61,Ujjwal Nagar,10,15,25,PEAK
5,61,Airport,10,18,10,PEAK
5,61,Chinchbhavan,10,15,24,PEAK
5,61,Khapri,10,30,24,PEAK
5,61,Ashokwan,10,24,10,PEAK
5,61,Mohgaon,10,24,13,PEAK
5,61,Butibori,10,24,25,PEAK
5,61,Burdi,11,11,8,MEDIUM
5,61,Panchasheel Square,11,9,11,MEDIUM
5,61,Rahate Colony,11,6,8,MEDIUM
5,61,Ajni Square,11,11,12,MEDIUM
5,61,Chatrapati Square,11,14,6,MEDIUM
5,61,Ujjwal Nagar,11,7,8,MEDIUM
5,61,Airport,11,10,9,MEDIUM
5,61,Chinchbhavan,11,9,7,MEDIUM
5,61,Khapri,11,11,12,MEDIUM
5,61,Ashokwan,11,11,12,MEDIUM
5,61,Mohgaon,11,8,10,MEDIUM
5,61,Butibori,11,8,10,MEDIUM
5,61,Burdi,12,3,2,LOW
5,61,Panchasheel Square,12,2,6,LOW
5,61,Rahate Colony,12,7,4,LOW
5,61,Ajni Square,12,5,4,LOW
5,61,Chatrapati Square,12,3,5,LOW
5,61,Ujjwal Nagar,12,3,6,LOW
5,61,Airport,12,5,3,LOW
5,61,Chinchbhavan,12,8,4,LOW
5,61,Khapri,12,4,5,LOW
5,61,Ashokwan,12,4,3,LOW
5,61,Mohgaon,12,7,4,LOW
5,61,Butibori,12,8,4,LOW
5,61,Burdi,13,5,2,LOW
5,61,Panchasheel Square,13,3,2,LOW
5,61,Rahate Colony,13,8,6,LOW
5,61,Ajni Square,13,2,6,LOW
5,61,Chatrapati Square,13,6,5,LOW
5,61,Ujjwal Nagar,13,5,5,LOW
5,61,Airport,13,5,5,LOW
5,61,Chinchbhavan,13,4,6,LOW
5,61,Khapri,13,6,4,LOW
5,61,Ashokwan,13,8,4,LOW
5,61,Mohgaon,13,5,3,LOW
5,61,Butibori,13,3,5,LOW
5,61,Burdi,14,6,4,LOW
5,61,Panchasheel Square,14,8,5,LOW
5,61,Rahate Colony,14,8,5,LOW
5,61,Ajni Square,14,2,2,LOW
5,61,Chatrapati Square,14,3,2,LOW
5,61,Ujjwal Nagar,14,5,4,LOW
5,61,Airport,14,4,2,LOW
5,61,Chinchbhavan,14,6,5,LOW
5,61,Khapri,14,8,3,LOW
5,61,Ashokwan,14,4,5,LOW
5,61,Mohgaon,14,8,6,LOW
5,61,Butibori,14,5,3,LOW
5,61,Burdi,15,7,3,LOW
5,61,Panchasheel Square,15,8,5,LOW
5,61,Rahate Colony,15,8,6,LOW
5,61,Ajni Square,15,3,6,LOW
5,61,Chatrapati Square,15,8,5,LOW
5,61,Ujjwal Nagar,15,6,3,LOW
5,61,Airport,15,4,5,LOW
5,61,Chinchbhavan,15,7,3,LOW
5,61,Khapri,15,5,3,LOW
5,61,Ashokwan,15,5,6,LOW
5,61,Mohgaon,15,2,4,LOW
5,61,Butibori,15,5,6,LOW
5,61,Burdi,16,7,8,MEDIUM
5,61,Panchasheel Square,16,14,12,MEDIUM
5,61,Rahate Colony,16,14,10,MEDIUM
5,61,Ajni Square,16,9,9,MEDIUM
5,61,Chatrapati Square,16,9,8,MEDIUM
5,61,Ujjwal Nagar,16,12,8,MEDIUM
5,61,Airport,16,14,10,MEDIUM
5,61,Chinchbhavan,16,6,7,MEDIUM
5,61,Khapri,16,12,9,MEDIUM
5,61,Ashokwan,16,13,8,MEDIUM
5,61,Mohgaon,16,12,7,MEDIUM
5,61,Butibori,16,6,12,MEDIUM
5,61,Burdi,17,13,20,HIGH
5,61,Panchasheel Square,17,20,21,HIGH
5,61,Rahate Colony,17,11,18,HIGH
5,61,Ajni Square,17,19,18,HIGH
5,61,Chatrapati Square,17,19,28,HIGH
5,61,Ujjwal Nagar,17,11,15,HIGH
5,61,Airport,17,11,22,HIGH
5,61,Chinchbhavan,17,21,14,HIGH
5,61,Khapri,17,11,14,HIGH
5,61,Ashokwan,17,20,27,HIGH
5,61,Mohgaon,17,19,22,HIGH
5,61,Butibori,17,20,15,HIGH
5,61,Burdi,18,14,12,HIGH
5,61,Panchasheel Square,18,10,17,HIGH
5,61,Rahate Colony,18,12,18,HIGH
5,61,Ajni Square,18,19,20,HIGH
5,61,Chatrapati Square,18,10,15,HIGH
5,61,Ujjwal Nagar,18,12,27,HIGH
5,61,Airport,18,14,26,HIGH
5,61,Chinchbhavan,18,11,18,HIGH
5,61,Khapri,18,22,12,HIGH
5,61,Ashokwan,18,16,27,HIGH
5,61,Mohgaon,18,22,24,HIGH
5,61,Butibori,18,19,26,HIGH
5,61,Burdi,19,17,24,HIGH
5,61,Panchasheel Square,19,19,26,HIGH
5,61,Rahate Colony,19,16,22,HIGH
5,61,Ajni Square,19,10,27,HIGH
5,61,Chatrapati Square,19,11,28,HIGH
5,61,Ujjwal Nagar,19,15,15,HIGH
5,61,Airport,19,10,22,HIGH
5,61,Chinchbhavan,19,13,19,HIGH
5,61,Khapri,19,22,22,HIGH
5,61,Ashokwan,19,13,13,HIGH
5,61,Mohgaon,19,17,12,HIGH
5,61,Butibori,19,21,26,HIGH
5,61,Burdi,20,15,27,HIGH
5,61,Panchasheel Square,20,10,27,HIGH
5,61,Rahate Colony,20,17,18,HIGH
5,61,Ajni Square,20,13,17,HIGH
5,61,Chatrapati Square,20,21,19,HIGH
5,61,Ujjwal Nagar,20,12,14,HIGH
5,61,Airport,20,15,17,HIGH
5,61,Chinchbhavan,20,17,16,HIGH
5,61,Khapri,20,12,21,HIGH
5,61,Ashokwan,20,20,15,HIGH
5,61,Mohgaon,20,11,14,HIGH
5,61,Butibori,20,19,16,HIGH
5,61,Burdi,21,12,9,MEDIUM
5,61,Panchasheel Square,21,7,10,MEDIUM
5,61,Rahate Colony,21,14,10,MEDIUM
5,61,Ajni Square,21,9,10,MEDIUM
5,61,Chatrapati Square,21,10,8,MEDIUM
5,61,Ujjwal Nagar,21,6,12,MEDIUM
5,61,Airport,21,9,10,MEDIUM
5,61,Chinchbhavan,21,8,11,MEDIUM
5,61,Khapri,21,8,10,MEDIUM
5,61,Ashokwan,21,8,8,MEDIUM
5,61,Mohgaon,21,14,11,MEDIUM
5,61,Butibori,21,11,11,MEDIUM
5,35,Pardi,6,13,12,MEDIUM
5,35,HB Town,6,10,12,MEDIUM
5,35,Wathoda Square,6,8,8,MEDIUM
5,35,Kharbi Square,6,13,9,MEDIUM
5,35,Dighori,6,10,12,MEDIUM
5,35,Manewada,6,13,8,MEDIUM
5,35,Chatrapati Square,6,10,7,MEDIUM
5,35,Pratap Nagar,6,13,10,MEDIUM
5,35,Trimurti Nagar,6,13,11,MEDIUM
5,35,Dharampeth,6,7,10,MEDIUM
5,35,Hingna,6,13,7,MEDIUM
5,35,YCCE,6,8,8,MEDIUM
5,35,Pardi,7,9,7,MEDIUM
5,35,HB Town,7,11,6,MEDIUM
5,35,Wathoda Square,7,7,10,MEDIUM
5,35,Kharbi Square,7,13,11,MEDIUM
5,35,Dighori,7,7,9,MEDIUM
5,35,Manewada,7,6,7,MEDIUM
5,35,Chatrapati Square,7,11,11,MEDIUM
5,35,Pratap Nagar,7,6,10,MEDIUM
5,35,Trimurti Nagar,7,14,7,MEDIUM
5,35,Dharampeth,7,10,10,MEDIUM
5,35,Hingna,7,14,10,MEDIUM
5,35,YCCE,7,10,7,MEDIUM
5,35,Pardi,8,25,25,PEAK
5,35,HB Town,8,27,24,PEAK
5,35,Wathoda Square,8,21,10,PEAK
5,35,Kharbi Square,8,16,23,PEAK
5,35,Dighori,8,22,12,PEAK
5,35,Manewada,8,26,17,PEAK
5,35,Chatrapati Square,8,23,23,PEAK
5,35,Pratap Nagar,8,24,22,PEAK
5,35,Trimurti Nagar,8,30,19,PEAK
5,35,Dharampeth,8,24,14,PEAK
5,35,Hingna,8,30,12,PEAK
5,35,YCCE,8,28,20,PEAK
5,35,Pardi,9,25,25,PEAK
5,35,HB Town,9,19,24,PEAK
5,35,Wathoda Square,9,29,20,PEAK
5,35,Kharbi Square,9,28,15,PEAK
5,35,Dighori,9,19,18,PEAK
5,35,Manewada,9,18,18,PEAK
5,35,Chatrapati Square,9,29,15,PEAK
5,35,Pratap Nagar,9,29,25,PEAK
5,35,Trimurti Nagar,9,24,24,PEAK
5,35,Dharampeth,9,23,23,PEAK
5,35,Hingna,9,24,21,PEAK
5,35,YCCE,9,24,20,PEAK
5,35,Pardi,10,25,25,PEAK
5,35,HB Town,10,22,21,PEAK
5,35,Wathoda Square,10,15,13,PEAK
5,35,Kharbi Square,10,16,24,PEAK
5,35,Dighori,10,17,23,PEAK
5,35,Manewada,10,27,24,PEAK
5,35,Chatrapati Square,10,30,17,PEAK
5,35,Pratap Nagar,10,24,20,PEAK
5,35,Trimurti Nagar,10,16,16,PEAK
5,35,Dharampeth,10,22,24,PEAK
5,35,Hingna,10,24,10,PEAK
5,35,YCCE,10,22,11,PEAK
5,35,Pardi,11,8,11,MEDIUM
5,35,HB Town,11,9,6,MEDIUM
5,35,Wathoda Square,11,14,10,MEDIUM
5,35,Kharbi Square,11,9,8,MEDIUM
5,35,Dighori,11,7,8,MEDIUM
5,35,Manewada,11,13,7,MEDIUM
5,35,Chatrapati Square,11,6,10,MEDIUM
5,35,Pratap Nagar,11,9,8,MEDIUM
5,35,Trimurti Nagar,11,9,8,MEDIUM
5,35,Dharampeth,11,11,7,MEDIUM
5,35,Hingna,11,6,7,MEDIUM
5,35,YCCE,11,12,12,MEDIUM
5,35,Pardi,12,2,5,LOW
5,35,HB Town,12,3,2,LOW
5,35,Wathoda Square,12,6,2,LOW
5,35,Kharbi Square,12,4,4,LOW
5,35,Dighori,12,3,2,LOW
5,35,Manewada,12,3,6,LOW
5,35,Chatrapati Square,12,8,3,LOW
5,35,Pratap Nagar,12,4,4,LOW
5,35,Trimurti Nagar,12,5,5,LOW
5,35,Dharampeth,12,2,5,LOW
5,35,Hingna,12,5,5,LOW
5,35,YCCE,12,8,4,LOW
5,35,Pardi,13,6,4,LOW
5,35,HB Town,13,5,6,LOW
5,35,Wathoda Square,13,6,4,LOW
5,35,Kharbi Square,13,6,4,LOW
5,35,Dighori,13,7,6,LOW
5,35,Manewada,13,2,3,LOW
5,35,Chatrapati Square,13,3,5,LOW
5,35,Pratap Nagar,13,8,4,LOW
5,35,Trimurti Nagar,13,2,6,LOW
5,35,Dharampeth,13,4,6,LOW
5,35,Hingna,13,7,3,LOW
5,35,YCCE,13,8,2,LOW
5,35,Pardi,14,8,5,LOW
5,35,HB Town,14,7,6,LOW
5,35,Wathoda Square,14,5,3,LOW
5,35,Kharbi Square,14,6,2,LOW
5,35,Dighori,14,6,2,LOW
5,35,Manewada,14,5,6,LOW
5,35,Chatrapati Square,14,3,5,LOW
5,35,Pratap Nagar,14,3,3,LOW
5,35,Trimurti Nagar,14,4,5,LOW
5,35,Dharampeth,14,5,6,LOW
5,35,Hingna,14,7,2,LOW
5,35,YCCE,14,8,3,LOW
5,35,Pardi,15,6,6,LOW
5,35,HB Town,15,2,5,LOW
5,35,Wathoda Square,15,5,6,LOW
5,35,Kharbi Square,15,7,6,LOW
5,35,Dighori,15,8,3,LOW
5,35,Manewada,15,5,6,LOW
5,35,Chatrapati Square,15,4,5,LOW
5,35,Pratap Nagar,15,7,5,LOW
5,35,Trimurti Nagar,15,7,5,LOW
5,35,Dharampeth,15,2,4,LOW
5,35,Hingna,15,7,2,LOW
5,35,YCCE,15,5,2,LOW
5,35,Pardi,16,8,7,MEDIUM
5,35,HB Town,16,11,11,MEDIUM
5,35,Wathoda Square,16,10,8,MEDIUM
5,35,Kharbi Square,16,14,10,MEDIUM
5,35,Dighori,16,6,7,MEDIUM
5,35,Manewada,16,11,10,MEDIUM
5,35,Chatrapati Square,16,13,6,MEDIUM
5,35,Pratap Nagar,16,13,11,MEDIUM
5,35,Trimurti Nagar,16,13,8,MEDIUM
5,35,Dharampeth,16,7,8,MEDIUM
5,35,Hingna,16,11,6,MEDIUM
5,35,YCCE,16,6,10,MEDIUM
5,35,Pardi,17,11,26,HIGH
5,35,HB Town,17,21,13,HIGH
5,35,Wathoda Square,17,12,15,HIGH
5,35,Kharbi Square,17,21,28,HIGH
5,35,Dighori,17,10,15,HIGH
5,35,Manewada,17,17,16,HIGH
5,35,Chatrapati Square,17,12,25,HIGH
5,35,Pratap Nagar,17,11,24,HIGH
5,35,Trimurti Nagar,17,19,17,HIGH
5,35,Dharampeth,17,22,12,HIGH
5,35,Hingna,17,19,20,HIGH
5,35,YCCE,17,22,28,HIGH
5,35,Pardi,18,17,19,HIGH
5,35,HB Town,18,10,21,HIGH
5,35,Wathoda Square,18,12,23,HIGH
5,35,Kharbi Square,18,21,23,HIGH
5,35,Dighori,18,11,27,HIGH
5,35,Manewada,18,18,19,HIGH
5,35,Chatrapati Square,18,11,24,HIGH
5,35,Pratap Nagar,18,14,13,HIGH
5,35,Trimurti Nagar,18,16,14,HIGH
5,35,Dharampeth,18,22,15,HIGH
5,35,Hingna,18,17,15,HIGH
5,35,YCCE,18,18,14,HIGH
5,35,Pardi,19,13,20,HIGH
5,35,HB Town,19,15,14,HIGH
5,35,Wathoda Square,19,18,26,HIGH
5,35,Kharbi Square,19,21,16,HIGH
5,35,Dighori,19,20,22,HIGH
5,35,Manewada,19,16,13,HIGH
5,35,Chatrapati Square,19,11,27,HIGH
5,35,Pratap Nagar,19,14,15,HIGH
5,35,Trimurti Nagar,19,12,26,HIGH
5,35,Dharampeth,19,17,21,HIGH
5,35,Hingna,19,15,21,HIGH
5,35,YCCE,19,17,12,HIGH
5,35,Pardi,20,14,18,HIGH
5,35,HB Town,20,16,14,HIGH
5,35,Wathoda Square,20,19,22,HIGH
5,35,Kharbi Square,20,17,28,HIGH
5,35,Dighori,20,10,22,HIGH
5,35,Manewada,20,22,27,HIGH
5,35,Chatrapati Square,20,17,21,HIGH
5,35,Pratap Nagar,20,15,21,HIGH
5,35,Trimurti Nagar,20,21,22,HIGH
5,35,Dharampeth,20,14,25,HIGH
5,35,Hingna,20,17,22,HIGH
5,35,YCCE,20,13,24,HIGH
5,35,Pardi,21,14,9,MEDIUM
5,35,HB Town,21,13,7,MEDIUM
5,35,Wathoda Square,21,9,11,MEDIUM
5,35,Kharbi Square,21,13,7,MEDIUM
5,35,Dighori,21,6,9,MEDIUM
5,35,Manewada,21,8,7,MEDIUM
5,35,Chatrapati Square,21,12,9,MEDIUM
5,35,Pratap Nagar,21,11,9,MEDIUM
5,35,Trimurti Nagar,21,11,12,MEDIUM
5,35,Dharampeth,21,11,11,MEDIUM
5,35,Hingna,21,14,8,MEDIUM
5,35,YCCE,21,8,9,MEDIUM
6,61,Burdi,6,13,11,MEDIUM
6,61,Panchasheel Square,6,12,6,MEDIUM
6,61,Rahate Colony,6,9,12,MEDIUM
6,61,Ajni Square,6,13,12,MEDIUM
6,61,Chatrapati Square,6,11,11,MEDIUM
6,61,Ujjwal Nagar,6,12,9,MEDIUM
6,61,Airport,6,12,7,MEDIUM
6,61,Chinchbhavan,6,7,11,MEDIUM
6,61,Khapri,6,8,11,MEDIUM
6,61,Ashokwan,6,8,9,MEDIUM
6,61,Mohgaon,6,9,11,MEDIUM
6,61,Butibori,6,13,9,MEDIUM
6,61,Burdi,7,14,7,MEDIUM
6,61,Panchasheel Square,7,14,9,MEDIUM
6,61,Rahate Colony,7,13,8,MEDIUM
6,61,Ajni Square,7,8,10,MEDIUM
6,61,Chatrapati Square,7,14,9,MEDIUM
6,61,Ujjwal Nagar,7,7,7,MEDIUM
6,61,Airport,7,13,9,MEDIUM
6,61,Chinchbhavan,7,11,11,MEDIUM
6,61,Khapri,7,14,9,MEDIUM
6,61,Ashokwan,7,10,8,MEDIUM
6,61,Mohgaon,7,13,11,MEDIUM
6,61,Butibori,7,9,11,MEDIUM
6,61,Burdi,8,23,11,PEAK
6,61,Panchasheel Square,8,24,24,PEAK
6,61,Rahate Colony,8,18,24,PEAK
6,61,Ajni Square,8,26,10,PEAK
6,61,Chatrapati Square,8,26,21,PEAK
6,61,Ujjwal Nagar,8,30,24,PEAK
6,61,Airport,8,19,10,PEAK
6,61,Chinchbhavan,8,25,11,PEAK
6,61,Khapri,8,29,12,PEAK
6,61,Ashokwan,8,27,16,PEAK
6,61,Mohgaon,8,27,13,PEAK
6,61,Butibori,8,27,20,PEAK
6,61,Burdi,9,20,14,PEAK
6,61,Panchasheel Square,9,25,25,PEAK
6,61,Rahate Colony,9,15,18,PEAK
6,61,Ajni Square,9,25,20,PEAK
6,61,Chatrapati Square,9,21,18,PEAK
6,61,Ujjwal Nagar,9,19,13,PEAK
6,61,Airport,9,16,19,PEAK
6,61,Chinchbhavan,9,28,17,PEAK
6,61,Khapri,9,27,20,PEAK
6,61,Ashokwan,9,18,15,PEAK
6,61,Mohgaon,9,19,20,PEAK
6,61,Butibori,9,21,11,PEAK
6,61,Burdi,10,18,23,PEAK
6,61,Panchasheel Square,10,20,24,PEAK
6,61,Rahate Colony,10,24,19,PEAK
6,61,Ajni Square,10,15,14,PEAK
6,61,Chatrapati Square,10,19,25,PEAK
6,61,Ujjwal Nagar,10,27,20,PEAK
6,61,Airport,10,19,16,PEAK
6,61,Chinchbhavan,10,28,13,PEAK
6,61,Khapri,10,28,23,PEAK
6,61,Ashokwan,10,17,12,PEAK
6,61,Mohgaon,10,25,19,PEAK
6,61,Butibori,10,16,25,PEAK
6,61,Burdi,11,11,10,MEDIUM
6,61,Panchasheel Square,11,9,7,MEDIUM
6,61,Rahate Colony,11,10,8,MEDIUM
6,61,Ajni Square,11,12,8,MEDIUM
6,61,Chatrapati Square,11,13,7,MEDIUM
6,61,Ujjwal Nagar,11,14,7,MEDIUM
6,61,Airport,11,11,10,MEDIUM
6,61,Chinchbhavan,11,8,7,MEDIUM
6,61,Khapri,11,12,10,MEDIUM
6,61,Ashokwan,11,9,6,MEDIUM
6,61,Mohgaon,11,10,9,MEDIUM
6,61,Butibori,11,11,10,MEDIUM
6,61,Burdi,12,5,5,LOW
6,61,Panchasheel Square,12,6,5,LOW
6,61,Rahate Colony,12,6,3,LOW
6,61,Ajni Square,12,4,6,LOW
6,61,Chatrapati Square,12,6,5,LOW
6,61,Ujjwal Nagar,12,8,4,LOW
6,61,Airport,12,7,5,LOW
6,61,Chinchbhavan,12,2,3,LOW
6,61,Khapri,12,4,2,LOW
6,61,Ashokwan,12,2,2,LOW
6,61,Mohgaon,12,6,3,LOW
6,61,Butibori,12,3,3,LOW
6,61,Burdi,13,4,2,LOW
6,61,Panchasheel Square,13,5,5,LOW
6,61,Rahate Colony,13,3,4,LOW
6,61,Ajni Square,13,2,5,LOW
6,61,Chatrapati Square,13,8,5,LOW
6,61,Ujjwal Nagar,13,4,2,LOW
6,61,Airport,13,4,5,LOW
6,61,Chinchbhavan,13,8,2,LOW
6,61,Khapri,13,8,5,LOW
6,61,Ashokwan,13,7,2,LOW
6,61,Mohgaon,13,7,5,LOW
6,61,Butibori,13,8,6,LOW
6,61,Burdi,14,2,6,LOW
6,61,Panchasheel Square,14,5,4,LOW
6,61,Rahate Colony,14,8,4,LOW
6,61,Ajni Square,14,3,6,LOW
6,61,Chatrapati Square,14,3,4,LOW
6,61,Ujjwal Nagar,14,2,6,LOW
6,61,Airport,14,3,2,LOW
6,61,Chinchbhavan,14,6,5,LOW
6,61,Khapri,14,3,5,LOW
6,61,Ashokwan,14,2,5,LOW
6,61,Mohgaon,14,5,6,LOW
6,61,Butibori,14,8,5,LOW
6,61,Burdi,15,8,2,LOW
6,61,Panchasheel Square,15,2,5,LOW
6,61,Rahate Colony,15,2,6,LOW
6,61,Ajni Square,15,2,6,LOW
6,61,Chatrapati Square,15,6,3,LOW
6,61,Ujjwal Nagar,15,6,4,LOW
6,61,Airport,15,6,4,LOW
6,61,Chinchbhavan,15,5,6,LOW
6,61,Khapri,15,2,6,LOW
6,61,Ashokwan,15,7,3,LOW
6,61,Mohgaon,15,5,6,LOW
6,61,Butibori,15,6,3,LOW
6,61,Burdi,16,13,11,MEDIUM
6,61,Panchasheel Square,16,10,8,MEDIUM
6,61,Rahate Colony,16,9,6,MEDIUM
6,61,Ajni Square,16,10,12,MEDIUM
6,61,Chatrapati Square,16,9,11,MEDIUM
6,61,Ujjwal Nagar,16,6,8,MEDIUM
6,61,Airport,16,11,6,MEDIUM
6,61,Chinchbhavan,16,7,7,MEDIUM
6,61,Khapri,16,6,12,MEDIUM
6,61,Ashokwan,16,13,9,MEDIUM
6,61,Mohgaon,16,11,11,MEDIUM
6,61,Butibori,16,11,9,MEDIUM
6,61,Burdi,17,21,16,HIGH
6,61,Panchasheel Square,17,19,23,HIGH
6,61,Rahate Colony,17,22,26,HIGH
6,61,Ajni Square,17,11,14,HIGH
6,61,Chatrapati Square,17,20,18,HIGH
6,61,Ujjwal Nagar,17,20,17,HIGH
6,61,Airport,17,19,13,HIGH
6,61,Chinchbhavan,17,21,16,HIGH
6,61,Khapri,17,15,25,HIGH
6,61,Ashokwan,17,16,26,HIGH
6,61,Mohgaon,17,21,22,HIGH
6,61,Butibori,17,19,16,HIGH
6,61,Burdi,18,16,12,HIGH
6,61,Panchasheel Square,18,20,16,HIGH
6,61,Rahate Colony,18,14,18,HIGH
6,61,Ajni Square,18,14,12,HIGH
6,61,Chatrapati Square,18,22,20,HIGH
6,61,Ujjwal Nagar,18,17,15,HIGH
6,61,Airport,18,17,18,HIGH
6,61,Chinchbhavan,18,21,14,HIGH
6,61,Khapri,18,22,14,HIGH
6,61,Ashokwan,18,12,25,HIGH
6,61,Mohgaon,18,13,20,HIGH
6,61,Butibori,18,13,15,HIGH
6,61,Burdi,19,15,19,HIGH
6,61,Panchasheel Square,19,10,28,HIGH
6,61,Rahate Colony,19,11,18,HIGH
6,61,Ajni Square,19,21,13,HIGH
6,61,Chatrapati Square,19,21,20,HIGH
6,61,Ujjwal Nagar,19,17,13,HIGH
6,61,Airport,19,16,19,HIGH
6,61,Chinchbhavan,19,14,22,HIGH
6,61,Khapri,19,10,21,HIGH
6,61,Ashokwan,19,21,12,HIGH
6,61,Mohgaon,19,17,22,HIGH
6,61,Butibori,19,14,21,HIGH
6,61,Burdi,20,20,20,HIGH
6,61,Panchasheel Square,20,14,12,HIGH
6,61,Rahate Colony,20,17,21,HIGH
6,61,Ajni Square,20,10,21,HIGH
6,61,Chatrapati Square,20,16,23,HIGH
6,61,Ujjwal Nagar,20,18,27,HIGH
6,61,Airport,20,10,17,HIGH
6,61,Chinchbhavan,20,20,15,HIGH
6,61,Khapri,20,21,15,HIGH
6,61,Ashokwan,20,10,20,HIGH
6,61,Mohgaon,20,18,17,HIGH
6,61,Butibori,20,19,17,HIGH
6,61,Burdi,21,13,6,MEDIUM
6,61,Panchasheel Square,21,11,11,MEDIUM
6,61,Rahate Colony,21,10,11,MEDIUM
6,61,Ajni Square,21,9,6,MEDIUM
6,61,Chatrapati Square,21,8,11,MEDIUM
6,61,Ujjwal Nagar,21,6,11,MEDIUM
6,61,Airport,21,13,6,MEDIUM
6,61,Chinchbhavan,21,14,12,MEDIUM
6,61,Khapri,21,14,10,MEDIUM
6,61,Ashokwan,21,6,8,MEDIUM
6,61,Mohgaon,21,14,10,MEDIUM
6,61,Butibori,21,9,9,MEDIUM
6,35,Pardi,6,6,11,MEDIUM
6,35,HB Town,6,14,11,MEDIUM
6,35,Wathoda Square,6,7,12,MEDIUM
6,35,Kharbi Square,6,10,11,MEDIUM
6,35,Dighori,6,12,10,MEDIUM
6,35,Manewada,6,10,9,MEDIUM
6,35,Chatrapati Square,6,8,9,MEDIUM
6,35,Pratap Nagar,6,10,11,MEDIUM
6,35,Trimurti Nagar,6,11,11,MEDIUM
6,35,Dharampeth,6,8,11,MEDIUM
6,35,Hingna,6,13,7,MEDIUM
6,35,YCCE,6,9,8,MEDIUM
6,35,Pardi,7,10,6,MEDIUM
6,35,HB Town,7,12,9,MEDIUM
6,35,Wathoda Square,7,12,12,MEDIUM
6,35,Kharbi Square,7,14,11,MEDIUM
6,35,Dighori,7,7,7,MEDIUM
6,35,Manewada,7,10,8,MEDIUM
6,35,Chatrapati Square,7,9,8,MEDIUM
6,35,Pratap Nagar,7,8,6,MEDIUM
6,35,Trimurti Nagar,7,8,7,MEDIUM
6,35,Dharampeth,7,13,6,MEDIUM
6,35,Hingna,7,12,12,MEDIUM
6,35,YCCE,7,7,7,MEDIUM
6,35,Pardi,8,26,12,PEAK
6,35,HB Town,8,30,23,PEAK
6,35,Wathoda Square,8,22,23,PEAK
6,35,Kharbi Square,8,30,20,PEAK
6,35,Dighori,8,17,25,PEAK
6,35,Manewada,8,22,16,PEAK
6,35,Chatrapati Square,8,18,17,PEAK
6,35,Pratap Nagar,8,15,25,PEAK
6,35,Trimurti Nagar,8,19,17,PEAK
6,35,Dharampeth,8,20,11,PEAK
6,35,Hingna,8,15,21,PEAK
6,35,YCCE,8,20,22,PEAK
6,35,Pardi,9,19,22,PEAK
6,35,HB Town,9,22,12,PEAK
6,35,Wathoda Square,9,15,24,PEAK
6,35,Kharbi Square,9,17,10,PEAK
6,35,Dighori,9,21,23,PEAK
6,35,Manewada,9,27,12,PEAK
6,35,Chatrapati Square,9,29,23,PEAK
6,35,Pratap Nagar,9,25,22,PEAK
6,35,Trimurti Nagar,9,29,23,PEAK
6,35,Dharampeth,9,20,17,PEAK
6,35,Hingna,9,30,14,PEAK
6,35,YCCE,9,21,24,PEAK
6,35,Pardi,10,25,13,PEAK
6,35,HB Town,10,30,15,PEAK
6,35,Wathoda Square,10,19,15,PEAK
6,35,Kharbi Square,10,22,18,PEAK
6,35,Dighori,10,30,15,PEAK
6,35,Manewada,10,24,16,PEAK
6,35,Chatrapati Square,10,28,13,PEAK
6,35,Pratap Nagar,10,21,14,PEAK
6,35,Trimurti Nagar,10,24,14,PEAK
6,35,Dharampeth,10,26,20,PEAK
6,35,Hingna,10,17,14,PEAK
6,35,YCCE,10,19,13,PEAK
6,35,Pardi,11,6,9,MEDIUM
6,35,HB Town,11,12,10,MEDIUM
6,35,Wathoda Square,11,9,12,MEDIUM
6,35,Kharbi Square,11,12,11,MEDIUM
6,35,Dighori,11,11,8,MEDIUM
6,35,Manewada,11,13,6,MEDIUM
6,35,Chatrapati Square,11,12,10,MEDIUM
6,35,Pratap Nagar,11,8,6,MEDIUM
6,35,Trimurti Nagar,11,14,9,MEDIUM
6,35,Dharampeth,11,13,12,MEDIUM
6,35,Hingna,11,14,6,MEDIUM
6,35,YCCE,11,13,11,MEDIUM
6,35,Pardi,12,4,3,LOW
6,35,HB Town,12,3,2,LOW
6,35,Wathoda Square,12,2,4,LOW
6,35,Kharbi Square,12,4,3,LOW
6,35,Dighori,12,7,6,LOW
6,35,Manewada,12,4,6,LOW
6,35,Chatrapati Square,12,2,6,LOW
6,35,Pratap Nagar,12,6,6,LOW
6,35,Trimurti Nagar,12,5,5,LOW
6,35,Dharampeth,12,5,3,LOW
6,35,Hingna,12,5,4,LOW
6,35,YCCE,12,3,5,LOW
6,35,Pardi,13,8,3,LOW
6,35,HB Town,13,8,3,LOW
6,35,Wathoda Square,13,3,4,LOW
6,35,Kharbi Square,13,2,4,LOW
6,35,Dighori,13,6,3,LOW
6,35,Manewada,13,2,4,LOW
6,35,Chatrapati Square,13,6,6,LOW
6,35,Pratap Nagar,13,3,5,LOW
6,35,Trimurti Nagar,13,7,2,LOW
6,35,Dharampeth,13,7,4,LOW
6,35,Hingna,13,2,4,LOW
6,35,YCCE,13,2,2,LOW
6,35,Pardi,14,4,2,LOW
6,35,HB Town,14,8,5,LOW
6,35,Wathoda Square,14,3,3,LOW
6,35,Kharbi Square,14,2,3,LOW
6,35,Dighori,14,8,2,LOW
6,35,Manewada,14,6,6,LOW
6,35,Chatrapati Square,14,2,6,LOW
6,35,Pratap Nagar,14,6,6,LOW
6,35,Trimurti Nagar,14,6,4,LOW
6,35,Dharampeth,14,2,3,LOW
6,35,Hingna,14,3,2,LOW
6,35,YCCE,14,2,6,LOW
6,35,Pardi,15,4,6,LOW
6,35,HB Town,15,4,6,LOW
6,35,Wathoda Square,15,4,2,LOW
6,35,Kharbi Square,15,7,6,LOW
6,35,Dighori,15,3,5,LOW
6,35,Manewada,15,6,5,LOW
6,35,Chatrapati Square,15,4,6,LOW
6,35,Pratap Nagar,15,4,4,LOW
6,35,Trimurti Nagar,15,6,5,LOW
6,35,Dharampeth,15,4,5,LOW
6,35,Hingna,15,6,6,LOW
6,35,YCCE,15,3,4,LOW
6,35,Pardi,16,6,10,MEDIUM
6,35,HB Town,16,12,11,MEDIUM
6,35,Wathoda Square,16,6,7,MEDIUM
6,35,Kharbi Square,16,8,11,MEDIUM
6,35,Dighori,16,6,6,MEDIUM
6,35,Manewada,16,8,7,MEDIUM
6,35,Chatrapati Square,16,14,9,MEDIUM
6,35,Pratap Nagar,16,6,12,MEDIUM
6,35,Trimurti Nagar,16,10,9,MEDIUM
6,35,Dharampeth,16,9,10,MEDIUM
6,35,Hingna,16,9,10,MEDIUM
6,35,YCCE,16,8,9,MEDIUM
6,35,Pardi,17,17,15,HIGH
6,35,HB Town,17,19,22,HIGH
6,35,Wathoda Square,17,17,28,HIGH
6,35,Kharbi Square,17,12,13,HIGH
6,35,Dighori,17,20,13,HIGH
6,35,Manewada,17,12,13,HIGH
6,35,Chatrapati Square,17,17,17,HIGH
6,35,Pratap Nagar,17,19,14,HIGH
6,35,Trimurti Nagar,17,22,22,HIGH
6,35,Dharampeth,17,11,16,HIGH
6,35,Hingna,17,19,27,HIGH
6,35,YCCE,17,13,19,HIGH
6,35,Pardi,18,19,12,HIGH
6,35,HB Town,18,11,12,HIGH
6,35,Wathoda Square,18,22,22,HIGH
6,35,Kharbi Square,18,19,14,HIGH
6,35,Dighori,18,16,21,HIGH
6,35,Manewada,18,14,12,HIGH
6,35,Chatrapati Square,18,10,21,HIGH
6,35,Pratap Nagar,18,18,15,HIGH
6,35,Trimurti Nagar,18,18,27,HIGH
6,35,Dharampeth,18,13,16,HIGH
6,35,Hingna,18,13,26,HIGH
6,35,YCCE,18,20,26,HIGH
6,35,Pardi,19,19,20,HIGH
6,35,HB Town,19,19,12,HIGH
6,35,Wathoda Square,19,16,17,HIGH
6,35,Kharbi Square,19,15,22,HIGH
6,35,Dighori,19,12,14,HIGH
6,35,Manewada,19,21,21,HIGH
6,35,Chatrapati Square,19,13,25,HIGH
6,35,Pratap Nagar,19,16,17,HIGH
6,35,Trimurti Nagar,19,20,25,HIGH
6,35,Dharampeth,19,17,27,HIGH
6,35,Hingna,19,17,17,HIGH
6,35,YCCE,19,12,28,HIGH
6,35,Pardi,20,22,20,HIGH
6,35,HB Town,20,21,28,HIGH
6,35,Wathoda Square,20,12,27,HIGH
6,35,Kharbi Square,20,13,23,HIGH
6,35,Dighori,20,12,28,HIGH
6,35,Manewada,20,16,13,HIGH
6,35,Chatrapati Square,20,15,24,HIGH
6,35,Pratap Nagar,20,20,17,HIGH
6,35,Trimurti Nagar,20,12,15,HIGH
6,35,Dharampeth,20,17,23,HIGH
6,35,Hingna,20,16,20,HIGH
6,35,YCCE,20,14,21,HIGH
6,35,Pardi,21,9,6,MEDIUM
6,35,HB Town,21,9,8,MEDIUM
6,35,Wathoda Square,21,7,12,MEDIUM
6,35,Kharbi Square,21,13,7,MEDIUM
6,35,Dighori,21,12,6,MEDIUM
6,35,Manewada,21,9,6,MEDIUM
6,35,Chatrapati Square,21,12,11,MEDIUM
6,35,Pratap Nagar,21,13,6,MEDIUM
6,35,Trimurti Nagar,21,7,8,MEDIUM
6,35,Dharampeth,21,7,8,MEDIUM
6,35,Hingna,21,8,7,MEDIUM
6,35,YCCE,21,9,6,MEDIUM
7,61,Burdi,6,11,11,MEDIUM
7,61,Panchasheel Square,6,12,9,MEDIUM
7,61,Rahate Colony,6,8,12,MEDIUM
7,61,Ajni Square,6,7,9,MEDIUM
7,61,Chatrapati Square,6,9,7,MEDIUM
7,61,Ujjwal Nagar,6,14,8,MEDIUM
7,61,Airport,6,7,10,MEDIUM
7,61,Chinchbhavan,6,12,12,MEDIUM
7,61,Khapri,6,6,9,MEDIUM
7,61,Ashokwan,6,7,10,MEDIUM
7,61,Mohgaon,6,8,6,MEDIUM
7,61,Butibori,6,13,11,MEDIUM
7,61,Burdi,7,6,8,MEDIUM
7,61,Panchasheel Square,7,7,6,MEDIUM
7,61,Rahate Colony,7,6,10,MEDIUM
7,61,Ajni Square,7,14,9,MEDIUM
7,61,Chatrapati Square,7,11,10,MEDIUM
7,61,Ujjwal Nagar,7,9,7,MEDIUM
7,61,Airport,7,6,11,MEDIUM
7,61,Chinchbhavan,7,10,12,MEDIUM
7,61,Khapri,7,14,12,MEDIUM
7,61,Ashokwan,7,12,10,MEDIUM
7,61,Mohgaon,7,13,6,MEDIUM
7,61,Butibori,7,10,12,MEDIUM
7,61,Burdi,8,15,14,PEAK
7,61,Panchasheel Square,8,15,25,PEAK
7,61,Rahate Colony,8,17,15,PEAK
7,61,Ajni Square,8,16,14,PEAK
7,61,Chatrapati Square,8,24,10,PEAK
7,61,Ujjwal Nagar,8,19,13,PEAK
7,61,Airport,8,20,12,PEAK
7,61,Chinchbhavan,8,25,20,PEAK
7,61,Khapri,8,24,20,PEAK
7,61,Ashokwan,8,18,19,PEAK
7,61,Mohgaon,8,28,19,PEAK
7,61,Butibori,8,22,24,PEAK
7,61,Burdi,9,26,17,PEAK
7,61,Panchasheel Square,9,25,23,PEAK
7,61,Rahate Colony,9,19,18,PEAK
7,61,Ajni Square,9,22,15,PEAK
7,61,Chatrapati Square,9,20,20,PEAK
7,61,Ujjwal Nagar,9,24,22,PEAK
7,61,Airport,9,26,12,PEAK
7,61,Chinchbhavan,9,26,18,PEAK
7,61,Khapri,9,28,15,PEAK
7,61,Ashokwan,9,19,12,PEAK
7,61,Mohgaon,9,15,24,PEAK
7,61,Butibori,9,25,15,PEAK
7,61,Burdi,10,22,24,PEAK
7,61,Panchasheel Square,10,24,10,PEAK
7,61,Rahate Colony,10,15,22,PEAK
7,61,Ajni Square,10,18,11,PEAK
7,61,Chatrapati Square,10,26,20,PEAK
7,61,Ujjwal Nagar,10,28,14,PEAK
7,61,Airport,10,23,20,PEAK
7,61,Chinchbhavan,10,21,20,PEAK
7,61,Khapri,10,24,20,PEAK
7,61,Ashokwan,10,29,10,PEAK
7,61,Mohgaon,10,24,15,PEAK
7,61,Butibori,10,17,17,PEAK
7,61,Burdi,11,12,6,MEDIUM
7,61,Panchasheel Square,11,9,10,MEDIUM
7,61,Rahate Colony,11,8,8,MEDIUM
7,61,Ajni Square,11,12,10,MEDIUM
7,61,Chatrapati Square,11,11,12,MEDIUM
7,61,Ujjwal Nagar,11,13,11,MEDIUM
7,61,Airport,11,9,8,MEDIUM
7,61,Chinchbhavan,11,11,9,MEDIUM
7,61,Khapri,11,11,8,MEDIUM
7,61,Ashokwan,11,7,8,MEDIUM
7,61,Mohgaon,11,13,8,MEDIUM
7,61,Butibori,11,9,11,MEDIUM
7,61,Burdi,12,5,2,LOW
7,61,Panchasheel Square,12,3,3,LOW
7,61,Rahate Colony,12,4,6,LOW
7,61,Ajni Square,12,8,4,LOW
7,61,Chatrapati Square,12,7,3,LOW
7,61,Ujjwal Nagar,12,3,2,LOW
7,61,Airport,12,8,6,LOW
7,61,Chinchbhavan,12,3,3,LOW
7,61,Khapri,12,4,3,LOW
7,61,Ashokwan,12,7,4,LOW
7,61,Mohgaon,12,4,4,LOW
7,61,Butibori,12,6,5,LOW
7,61,Burdi,13,5,3,LOW
7,61,Panchasheel Square,13,3,6,LOW
7,61,Rahate Colony,13,4,3,LOW
7,61,Ajni Square,13,5,2,LOW
7,61,Chatrapati Square,13,8,5,LOW
7,61,Ujjwal Nagar,13,6,4,LOW
7,61,Airport,13,6,4,LOW
7,61,Chinchbhavan,13,7,2,LOW
7,61,Khapri,13,2,6,LOW
7,61,Ashokwan,13,6,3,LOW
7,61,Mohgaon,13,2,4,LOW
7,61,Butibori,13,5,2,LOW
7,61,Burdi,14,5,6,LOW
7,61,Panchasheel Square,14,2,3,LOW
7,61,Rahate Colony,14,6,6,LOW
7,61,Ajni Square,14,6,5,LOW
7,61,Chatrapati Square,14,6,2,LOW
7,61,Ujjwal Nagar,14,5,6,LOW
7,61,Airport,14,6,6,LOW
7,61,Chinchbhavan,14,5,2,LOW
7,61,Khapri,14,8,5,LOW
7,61,Ashokwan,14,6,5,LOW
7,61,Mohgaon,14,2,5,LOW
7,61,Butibori,14,2,3,LOW
7,61,Burdi,15,6,4,LOW
7,61,Panchasheel Square,15,4,2,LOW
7,61,Rahate Colony,15,5,4,LOW
7,61,Ajni Square,15,3,3,LOW
7,61,Chatrapati Square,15,2,5,LOW
7,61,Ujjwal Nagar,15,2,4,LOW
7,61,Airport,15,6,3,LOW
7,61,Chinchbhavan,15,6,3,LOW
7,61,Khapri,15,8,4,LOW
7,61,Ashokwan,15,7,2,LOW
7,61,Mohgaon,15,4,6,LOW
7,61,Butibori,15,8,2,LOW
7,61,Burdi,16,6,9,MEDIUM
7,61,Panchasheel Square,16,10,11,MEDIUM
7,61,Rahate Colony,16,13,10,MEDIUM
7,61,Ajni Square,16,7,12,MEDIUM
7,61,Chatrapati Square,16,6,12,MEDIUM
7,61,Ujjwal Nagar,16,7,10,MEDIUM
7,61,Airport,16,12,7,MEDIUM
7,61,Chinchbhavan,16,6,7,MEDIUM
7,61,Khapri,16,12,11,MEDIUM
7,61,Ashokwan,16,10,10,MEDIUM
7,61,Mohgaon,16,8,10,MEDIUM
7,61,Butibori,16,12,11,MEDIUM
7,61,Burdi,17,22,18,HIGH
7,61,Panchasheel Square,17,15,28,HIGH
7,61,Rahate Colony,17,22,24,HIGH
7,61,Ajni Square,17,15,12,HIGH
7,61,Chatrapati Square,17,14,13,HIGH
7,61,Ujjwal Nagar,17,13,21,HIGH
7,61,Airport,17,12,13,HIGH
7,61,Chinchbhavan,17,10,14,HIGH
7,61,Khapri,17,20,18,HIGH
7,61,Ashokwan,17,21,16,HIGH
7,61,Mohgaon,17,15,27,HIGH
7,61,Butibori,17,14,16,HIGH
7,61,Burdi,18,14,19,HIGH
7,61,Panchasheel Square,18,22,23,HIGH
7,61,Rahate Colony,18,12,26,HIGH
7,61,Ajni Square,18,17,22,HIGH
7,61,Chatrapati Square,18,19,17,HIGH
7,61,Ujjwal Nagar,18,20,26,HIGH
7,61,Airport,18,15,20,HIGH
7,61,Chinchbhavan,18,13,27,HIGH
7,61,Khapri,18,15,18,HIGH
7,61,Ashokwan,18,18,17,HIGH
7,61,Mohgaon,18,15,15,HIGH
7,61,Butibori,18,12,18,HIGH
7,61,Burdi,19,16,14,HIGH
7,61,Panchasheel Square,19,21,23,HIGH
7,61,Rahate Colony,19,20,20,HIGH
7,61,Ajni Square,19,10,17,HIGH
7,61,Chatrapati Square,19,11,20,HIGH
7,61,Ujjwal Nagar,19,20,24,HIGH
7,61,Airport,19,21,20,HIGH
7,61,Chinchbhavan,19,16,17,HIGH
7,61,Khapri,19,22,19,HIGH
7,61,Ashokwan,19,19,14,HIGH
7,61,Mohgaon,19,13,21,HIGH
7,61,Butibori,19,13,20,HIGH
7,61,Burdi,20,12,22,HIGH
7,61,Panchasheel Square,20,16,15,HIGH
7,61,Rahate Colony,20,17,20,HIGH
7,61,Ajni Square,20,20,24,HIGH
7,61,Chatrapati Square,20,18,21,HIGH
7,61,Ujjwal Nagar,20,16,21,HIGH
7,61,Airport,20,15,12,HIGH
7,61,Chinchbhavan,20,10,20,HIGH
7,61,Khapri,20,17,18,HIGH
7,61,Ashokwan,20,16,28,HIGH
7,61,Mohgaon,20,10,12,HIGH
7,61,Butibori,20,19,17,HIGH
7,61,Burdi,21,10,7,MEDIUM
7,61,Panchasheel Square,21,8,6,MEDIUM
7,61,Rahate Colony,21,6,6,MEDIUM
7,61,Ajni Square,21,6,11,MEDIUM
7,61,Chatrapati Square,21,14,12,MEDIUM
7,61,Ujjwal Nagar,21,7,10,MEDIUM
7,61,Airport,21,11,12,MEDIUM
7,61,Chinchbhavan,21,11,8,MEDIUM
7,61,Khapri,21,13,12,MEDIUM
7,61,Ashokwan,21,6,12,MEDIUM
7,61,Mohgaon,21,6,7,MEDIUM
7,61,Butibori,21,12,6,MEDIUM
7,35,Pardi,6,9,11,MEDIUM
7,35,HB Town,6,11,6,MEDIUM
7,35,Wathoda Square,6,10,9,MEDIUM
7,35,Kharbi Square,6,8,12,MEDIUM
7,35,Dighori,6,11,10,MEDIUM
7,35,Manewada,6,9,7,MEDIUM
7,35,Chatrapati Square,6,12,6,MEDIUM
7,35,Pratap Nagar,6,10,10,MEDIUM
7,35,Trimurti Nagar,6,6,12,MEDIUM
7,35,Dharampeth,6,9,6,MEDIUM
7,35,Hingna,6,11,11,MEDIUM
7,35,YCCE,6,14,12,MEDIUM
7,35,Pardi,7,11,8,MEDIUM
7,35,HB Town,7,10,6,MEDIUM
7,35,Wathoda Square,7,13,11,MEDIUM
7,35,Kharbi Square,7,11,6,MEDIUM
7,35,Dighori,7,7,11,MEDIUM
7,35,Manewada,7,14,8,MEDIUM
7,35,Chatrapati Square,7,9,11,MEDIUM
7,35,Pratap Nagar,7,7,11,MEDIUM
7,35,Trimurti Nagar,7,12,12,MEDIUM
7,35,Dharampeth,7,11,10,MEDIUM
7,35,Hingna,7,9,12,MEDIUM
7,35,YCCE,7,7,8,MEDIUM
7,35,Pardi,8,30,11,PEAK
7,35,HB Town,8,18,21,PEAK
7,35,Wathoda Square,8,17,13,PEAK
7,35,Kharbi Square,8,17,21,PEAK
7,35,Dighori,8,24,15,PEAK
7,35,Manewada,8,23,16,PEAK
7,35,Chatrapati Square,8,16,11,PEAK
7,35,Pratap Nagar,8,19,10,PEAK
7,35,Trimurti Nagar,8,25,17,PEAK
7,35,Dharampeth,8,24,11,PEAK
7,35,Hingna,8,19,18,PEAK
7,35,YCCE,8,23,15,PEAK
7,35,Pardi,9,24,16,PEAK
7,35,HB Town,9,22,11,PEAK
7,35,Wathoda Square,9,27,12,PEAK
7,35,Kharbi Square,9,29,19,PEAK
7,35,Dighori,9,26,11,PEAK
7,35,Manewada,9,15,11,PEAK
7,35,Chatrapati Square,9,18,24,PEAK
7,35,Pratap Nagar,9,18,16,PEAK
7,35,Trimurti Nagar,9,21,11,PEAK
7,35,Dharampeth,9,16,16,PEAK
7,35,Hingna,9,30,14,PEAK
7,35,YCCE,9,27,13,PEAK
7,35,Pardi,10,30,19,PEAK
7,35,HB Town,10,28,11,PEAK
7,35,Wathoda Square,10,20,24,PEAK
7,35,Kharbi Square,10,18,16,PEAK
7,35,Dighori,10,25,24,PEAK
7,35,Manewada,10,19,13,PEAK
7,35,Chatrapati Square,10,16,22,PEAK
7,35,Pratap Nagar,10,16,10,PEAK
7,35,Trimurti Nagar,10,16,11,PEAK
7,35,Dharampeth,10,15,16,PEAK
7,35,Hingna,10,20,20,PEAK
7,35,YCCE,10,28,13,PEAK
7,35,Pardi,11,9,11,MEDIUM
7,35,HB Town,11,7,11,MEDIUM
7,35,Wathoda Square,11,6,6,MEDIUM
7,35,Kharbi Square,11,7,11,MEDIUM
7,35,Dighori,11,7,7,MEDIUM
7,35,Manewada,11,12,8,MEDIUM
7,35,Chatrapati Square,11,11,6,MEDIUM
7,35,Pratap Nagar,11,13,10,MEDIUM
7,35,Trimurti Nagar,11,11,8,MEDIUM
7,35,Dharampeth,11,13,10,MEDIUM
7,35,Hingna,11,13,7,MEDIUM
7,35,YCCE,11,13,7,MEDIUM
7,35,Pardi,12,8,6,LOW
7,35,HB Town,12,3,2,LOW
7,35,Wathoda Square,12,6,5,LOW
7,35,Kharbi Square,12,3,5,LOW
7,35,Dighori,12,6,6,LOW
7,35,Manewada,12,3,6,LOW
7,35,Chatrapati Square,12,7,6,LOW
7,35,Pratap Nagar,12,2,3,LOW
7,35,Trimurti Nagar,12,7,2,LOW
7,35,Dharampeth,12,8,2,LOW
7,35,Hingna,12,7,5,LOW
7,35,YCCE,12,2,5,LOW
7,35,Pardi,13,8,2,LOW
7,35,HB Town,13,4,3,LOW
7,35,Wathoda Square,13,6,5,LOW
7,35,Kharbi Square,13,2,2,LOW
7,35,Dighori,13,4,3,LOW
7,35,Manewada,13,3,5,LOW
7,35,Chatrapati Square,13,2,6,LOW
7,35,Pratap Nagar,13,7,6,LOW
7,35,Trimurti Nagar,13,3,5,LOW
7,35,Dharampeth,13,5,3,LOW
7,35,Hingna,13,2,3,LOW
7,35,YCCE,13,2,5,LOW
7,35,Pardi,14,8,3,LOW
7,35,HB Town,14,2,6,LOW
7,35,Wathoda Square,14,7,4,LOW
7,35,Kharbi Square,14,8,4,LOW
7,35,Dighori,14,7,4,LOW
7,35,Manewada,14,5,6,LOW
7,35,Chatrapati Square,14,8,2,LOW
7,35,Pratap Nagar,14,8,2,LOW
7,35,Trimurti Nagar,14,4,3,LOW
7,35,Dharampeth,14,6,2,LOW
7,35,Hingna,14,4,6,LOW
7,35,YCCE,14,2,5,LOW
7,35,Pardi,15,6,5,LOW
7,35,HB Town,15,2,2,LOW
7,35,Wathoda Square,15,8,3,LOW
7,35,Kharbi Square,15,6,2,LOW
7,35,Dighori,15,7,6,LOW
7,35,Manewada,15,2,5,LOW
7,35,Chatrapati Square,15,8,4,LOW
7,35,Pratap Nagar,15,5,4,LOW
7,35,Trimurti Nagar,15,7,4,LOW
7,35,Dharampeth,15,6,3,LOW
7,35,Hingna,15,4,4,LOW
7,35,YCCE,15,2,4,LOW
7,35,Pardi,16,8,11,MEDIUM
7,35,HB Town,16,11,7,MEDIUM
7,35,Wathoda Square,16,8,12,MEDIUM
7,35,Kharbi Square,16,7,7,MEDIUM
7,35,Dighori,16,10,9,MEDIUM
7,35,Manewada,16,9,6,MEDIUM
7,35,Chatrapati Square,16,11,12,MEDIUM
7,35,Pratap Nagar,16,11,12,MEDIUM
7,35,Trimurti Nagar,16,6,7,MEDIUM
7,35,Dharampeth,16,8,10,MEDIUM
7,35,Hingna,16,6,8,MEDIUM
7,35,YCCE,16,6,12,MEDIUM
7,35,Pardi,17,11,21,HIGH
7,35,HB Town,17,19,13,HIGH
7,35,Wathoda Square,17,14,28,HIGH
7,35,Kharbi Square,17,19,17,HIGH
7,35,Dighori,17,11,25,HIGH
7,35,Manewada,17,14,17,HIGH
7,35,Chatrapati Square,17,12,16,HIGH
7,35,Pratap Nagar,17,11,23,HIGH
7,35,Trimurti Nagar,17,21,12,HIGH
7,35,Dharampeth,17,11,16,HIGH
7,35,Hingna,17,14,24,HIGH
7,35,YCCE,17,12,22,HIGH
7,35,Pardi,18,22,16,HIGH
7,35,HB Town,18,20,19,HIGH
7,35,Wathoda Square,18,12,22,HIGH
7,35,Kharbi Square,18,18,13,HIGH
7,35,Dighori,18,15,28,HIGH
7,35,Manewada,18,17,21,HIGH
7,35,Chatrapati Square,18,12,14,HIGH
7,35,Pratap Nagar,18,21,19,HIGH
7,35,Trimurti Nagar,18,19,23,HIGH
7,35,Dharampeth,18,20,14,HIGH
7,35,Hingna,18,16,27,HIGH
7,35,YCCE,18,14,20,HIGH
7,35,Pardi,19,21,23,HIGH
7,35,HB Town,19,21,15,HIGH
7,35,Wathoda Square,19,19,25,HIGH
7,35,Kharbi Square,19,14,13,HIGH
7,35,Dighori,19,18,26,HIGH
7,35,Manewada,19,22,28,HIGH
7,35,Chatrapati Square,19,12,18,HIGH
7,35,Pratap Nagar,19,18,12,HIGH
7,35,Trimurti Nagar,19,14,13,HIGH
7,35,Dharampeth,19,11,22,HIGH
7,35,Hingna,19,18,27,HIGH
7,35,YCCE,19,20,18,HIGH
7,35,Pardi,20,13,23,HIGH
7,35,HB Town,20,13,27,HIGH
7,35,Wathoda Square,20,16,26,HIGH
7,35,Kharbi Square,20,21,28,HIGH
7,35,Dighori,20,10,20,HIGH
7,35,Manewada,20,16,17,HIGH
7,35,Chatrapati Square,20,22,22,HIGH
7,35,Pratap Nagar,20,17,21,HIGH
7,35,Trimurti Nagar,20,14,25,HIGH
7,35,Dharampeth,20,16,20,HIGH
7,35,Hingna,20,14,20,HIGH
7,35,YCCE,20,12,22,HIGH
7,35,Pardi,21,9,9,MEDIUM
7,35,HB Town,21,8,12,MEDIUM
7,35,Wathoda Square,21,14,8,MEDIUM
7,35,Kharbi Square,21,11,6,MEDIUM
7,35,Dighori,21,11,6,MEDIUM
7,35,Manewada,21,10,12,MEDIUM
7,35,Chatrapati Square,21,10,12,MEDIUM
7,35,Pratap Nagar,21,10,8,MEDIUM
7,35,Trimurti Nagar,21,7,7,MEDIUM
7,35,Dharampeth,21,7,9,MEDIUM
7,35,Hingna,21,7,6,MEDIUM
7,35,YCCE,21,12,7,MEDIUM
8,61,Burdi,6,10,9,MEDIUM
8,61,Panchasheel Square,6,9,12,MEDIUM
8,61,Rahate Colony,6,7,7,MEDIUM
8,61,Ajni Square,6,12,11,MEDIUM
8,61,Chatrapati Square,6,12,6,MEDIUM
8,61,Ujjwal Nagar,6,7,11,MEDIUM
8,61,Airport,6,6,11,MEDIUM
8,61,Chinchbhavan,6,8,11,MEDIUM
8,61,Khapri,6,14,12,MEDIUM
8,61,Ashokwan,6,9,9,MEDIUM
8,61,Mohgaon,6,11,8,MEDIUM
8,61,Butibori,6,12,12,MEDIUM
8,61,Burdi,7,10,8,MEDIUM
8,61,Panchasheel Square,7,9,10,MEDIUM
8,61,Rahate Colony,7,6,9,MEDIUM
8,61,Ajni Square,7,8,7,MEDIUM
8,61,Chatrapati Square,7,11,11,MEDIUM
8,61,Ujjwal Nagar,7,12,11,MEDIUM
8,61,Airport,7,8,11,MEDIUM
8,61,Chinchbhavan,7,10,12,MEDIUM
8,61,Khapri,7,6,11,MEDIUM
8,61,Ashokwan,7,13,9,MEDIUM
8,61,Mohgaon,7,6,7,MEDIUM
8,61,Butibori,7,8,9,MEDIUM
8,61,Burdi,8,23,24,PEAK
8,61,Panchasheel Square,8,15,24,PEAK
8,61,Rahate Colony,8,26,21,PEAK
8,61,Ajni Square,8,28,24,PEAK
8,61,Chatrapati Square,8,30,16,PEAK
8,61,Ujjwal Nagar,8,15,17,PEAK
8,61,Airport,8,29,21,PEAK
8,61,Chinchbhavan,8,22,23,PEAK
8,61,Khapri,8,29,14,PEAK
8,61,Ashokwan,8,28,22,PEAK
8,61,Mohgaon,8,22,10,PEAK
8,61,Butibori,8,20,16,PEAK
8,61,Burdi,9,17,20,PEAK
8,61,Panchasheel Square,9,17,16,PEAK
8,61,Rahate Colony,9,28,16,PEAK
8,61,Ajni Square,9,23,14,PEAK
8,61,Chatrapati Square,9,29,22,PEAK
8,61,Ujjwal Nagar,9,28,17,PEAK
8,61,Airport,9,15,23,PEAK
8,61,Chinchbhavan,9,16,14,PEAK
8,61,Khapri,9,18,17,PEAK
8,61,Ashokwan,9,30,12,PEAK
8,61,Mohgaon,9,25,25,PEAK
8,61,Butibori,9,15,22,PEAK
8,61,Burdi,10,22,22,PEAK
8,61,Panchasheel Square,10,25,24,PEAK
8,61,Rahate Colony,10,18,15,PEAK
8,61,Ajni Square,10,22,23,PEAK
8,61,Chatrapati Square,10,18,13,PEAK
8,61,Ujjwal Nagar,10,29,18,PEAK
8,61,Airport,10,26,17,PEAK
8,61,Chinchbhavan,10,28,16,PEAK
8,61,Khapri,10,18,21,PEAK
8,61,Ashokwan,10,27,24,PEAK
8,61,Mohgaon,10,18,12,PEAK
8,61,Butibori,10,22,11,PEAK
8,61,Burdi,11,13,12,MEDIUM
8,61,Panchasheel Square,11,7,12,MEDIUM
8,61,Rahate Colony,11,9,7,MEDIUM
8,61,Ajni Square,11,6,10,MEDIUM
8,61,Chatrapati Square,11,12,12,MEDIUM
8,61,Ujjwal Nagar,11,13,7,MEDIUM
8,61,Airport,11,6,11,MEDIUM
8,61,Chinchbhavan,11,8,6,MEDIUM
8,61,Khapri,11,6,10,MEDIUM
8,61,Ashokwan,11,8,10,MEDIUM
8,61,Mohgaon,11,9,8,MEDIUM
8,61,Butibori,11,10,6,MEDIUM
8,61,Burdi,12,2,4,LOW
8,61,Panchasheel Square,12,8,4,LOW
8,61,Rahate Colony,12,4,2,LOW
8,61,Ajni Square,12,3,4,LOW
8,61,Chatrapati Square,12,6,3,LOW
8,61,Ujjwal Nagar,12,7,3,LOW
8,61,Airport,12,7,5,LOW
8,61,Chinchbhavan,12,2,2,LOW
8,61,Khapri,12,2,2,LOW
8,61,Ashokwan,12,6,2,LOW
8,61,Mohgaon,12,8,3,LOW
8,61,Butibori,12,6,3,LOW
8,61,Burdi,13,3,6,LOW
8,61,Panchasheel Square,13,3,2,LOW
8,61,Rahate Colony,13,3,4,LOW
8,61,Ajni Square,13,3,2,LOW
8,61,Chatrapati Square,13,2,5,LOW
8,61,Ujjwal Nagar,13,7,4,LOW
8,61,Airport,13,2,6,LOW
8,61,Chinchbhavan,13,8,2,LOW
8,61,Khapri,13,7,5,LOW
8,61,Ashokwan,13,4,2,LOW
8,61,Mohgaon,13,3,5,LOW
8,61,Butibori,13,5,2,LOW
8,61,Burdi,14,5,2,LOW
8,61,Panchasheel Square,14,2,6,LOW
8,61,Rahate Colony,14,8,6,LOW
8,61,Ajni Square,14,7,4,LOW
8,61,Chatrapati Square,14,7,5,LOW
8,61,Ujjwal Nagar,14,4,4,LOW
8,61,Airport,14,3,3,LOW
8,61,Chinchbhavan,14,5,6,LOW
8,61,Khapri,14,4,6,LOW
8,61,Ashokwan,14,5,6,LOW
8,61,Mohgaon,14,2,5,LOW
8,61,Butibori,14,4,2,LOW
8,61,Burdi,15,2,3,LOW
8,61,Panchasheel Square,15,4,2,LOW
8,61,Rahate Colony,15,8,4,LOW
8,61,Ajni Square,15,7,2,LOW
8,61,Chatrapati Square,15,4,2,LOW
8,61,Ujjwal Nagar,15,6,4,LOW
8,61,Airport,15,6,5,LOW
8,61,Chinchbhavan,15,6,3,LOW
8,61,Khapri,15,6,4,LOW
8,61,Ashokwan,15,4,3,LOW
8,61,Mohgaon,15,2,6,LOW
8,61,Butibori,15,5,4,LOW
8,61,Burdi,16,12,12,MEDIUM
8,61,Panchasheel Square,16,12,8,MEDIUM
8,61,Rahate Colony,16,7,7,MEDIUM
8,61,Ajni Square,16,12,11,MEDIUM
8,61,Chatrapati Square,16,14,12,MEDIUM
8,61,Ujjwal Nagar,16,9,10,MEDIUM
8,61,Airport,16,6,11,MEDIUM
8,61,Chinchbhavan,16,6,8,MEDIUM
8,61,Khapri,16,10,12,MEDIUM
8,61,Ashokwan,16,13,11,MEDIUM
8,61,Mohgaon,16,11,11,MEDIUM
8,61,Butibori,16,11,7,MEDIUM
8,61,Burdi,17,15,28,HIGH
8,61,Panchasheel Square,17,14,27,HIGH
8,61,Rahate Colony,17,22,21,HIGH
8,61,Ajni Square,17,11,26,HIGH
8,61,Chatrapati Square,17,20,12,HIGH
8,61,Ujjwal Nagar,17,17,28,HIGH
8,61,Airport,17,21,17,HIGH
8,61,Chinchbhavan,17,12,21,HIGH
8,61,Khapri,17,13,20,HIGH
8,61,Ashokwan,17,17,17,HIGH
8,61,Mohgaon,17,10,12,HIGH
8,61,Butibori,17,21,23,HIGH
8,61,Burdi,18,15,16,HIGH
8,61,Panchasheel Square,18,18,15,HIGH
8,61,Rahate Colony,18,14,22,HIGH
8,61,Ajni Square,18,17,19,HIGH
8,61,Chatrapati Square,18,11,26,HIGH
8,61,Ujjwal Nagar,18,10,17,HIGH
8,61,Airport,18,22,14,HIGH
8,61,Chinchbhavan,18,14,15,HIGH
8,61,Khapri,18,12,13,HIGH
8,61,Ashokwan,18,18,21,HIGH
8,61,Mohgaon,18,18,15,HIGH
8,61,Butibori,18,13,18,HIGH
8,61,Burdi,19,12,12,HIGH
8,61,Panchasheel Square,19,20,25,HIGH
8,61,Rahate Colony,19,15,14,HIGH
8,61,Ajni Square,19,14,12,HIGH
8,61,Chatrapati Square,19,18,17,HIGH
8,61,Ujjwal Nagar,19,19,27,HIGH
8,61,Airport,19,17,23,HIGH
8,61,Chinchbhavan,19,10,25,HIGH
8,61,Khapri,19,21,20,HIGH
8,61,Ashokwan,19,13,12,HIGH
8,61,Mohgaon,19,22,18,HIGH
8,61,Butibori,19,22,25,HIGH
8,61,Burdi,20,10,24,HIGH
8,61,Panchasheel Square,20,19,25,HIGH
8,61,Rahate Colony,20,20,20,HIGH
8,61,Ajni Square,20,11,15,HIGH
8,61,Chatrapati Square,20,22,23,HIGH
8,61,Ujjwal Nagar,20,15,18,HIGH
8,61,Airport,20,10,21,HIGH
8,61,Chinchbhavan,20,16,15,HIGH
8,61,Khapri,20,19,22,HIGH
8,61,Ashokwan,20,19,22,HIGH
8,61,Mohgaon,20,22,18,HIGH
8,61,Butibori,20,18,20,HIGH
8,61,Burdi,21,14,8,MEDIUM
8,61,Panchasheel Square,21,9,7,MEDIUM
8,61,Rahate Colony,21,6,6,MEDIUM
8,61,Ajni Square,21,12,12,MEDIUM
8,61,Chatrapati Square,21,7,9,MEDIUM
8,61,Ujjwal Nagar,21,11,10,MEDIUM
8,61,Airport,21,12,6,MEDIUM
8,61,Chinchbhavan,21,9,11,MEDIUM
8,61,Khapri,21,12,11,MEDIUM
8,61,Ashokwan,21,14,9,MEDIUM
8,61,Mohgaon,21,7,7,MEDIUM
8,61,Butibori,21,14,9,MEDIUM
8,35,Pardi,6,10,11,MEDIUM
8,35,HB Town,6,10,10,MEDIUM
8,35,Wathoda Square,6,9,9,MEDIUM
8,35,Kharbi Square,6,14,6,MEDIUM
8,35,Dighori,6,9,8,MEDIUM
8,35,Manewada,6,9,6,MEDIUM
8,35,Chatrapati Square,6,6,11,MEDIUM
8,35,Pratap Nagar,6,6,6,MEDIUM
8,35,Trimurti Nagar,6,14,6,MEDIUM
8,35,Dharampeth,6,9,7,MEDIUM
8,35,Hingna,6,11,6,MEDIUM
8,35,YCCE,6,6,7,MEDIUM
8,35,Pardi,7,11,10,MEDIUM
8,35,HB Town,7,8,9,MEDIUM
8,35,Wathoda Square,7,12,8,MEDIUM
8,35,Kharbi Square,7,9,8,MEDIUM
8,35,Dighori,7,9,9,MEDIUM
8,35,Manewada,7,10,10,MEDIUM
8,35,Chatrapati Square,7,8,11,MEDIUM
8,35,Pratap Nagar,7,12,11,MEDIUM
8,35,Trimurti Nagar,7,14,11,MEDIUM
8,35,Dharampeth,7,9,10,MEDIUM
8,35,Hingna,7,14,9,MEDIUM
8,35,YCCE,7,9,11,MEDIUM
8,35,Pardi,8,27,24,PEAK
8,35,HB Town,8,26,11,PEAK
8,35,Wathoda Square,8,29,23,PEAK
8,35,Kharbi Square,8,29,10,PEAK
8,35,Dighori,8,19,18,PEAK
8,35,Manewada,8,30,14,PEAK
8,35,Chatrapati Square,8,15,20,PEAK
8,35,Pratap Nagar,8,22,20,PEAK
8,35,Trimurti Nagar,8,23,12,PEAK
8,35,Dharampeth,8,23,15,PEAK
8,35,Hingna,8,22,14,PEAK
8,35,YCCE,8,21,20,PEAK
8,35,Pardi,9,22,18,PEAK
8,35,HB Town,9,18,25,PEAK
8,35,Wathoda Square,9,25,13,PEAK
8,35,Kharbi Square,9,29,20,PEAK
8,35,Dighori,9,24,11,PEAK
8,35,Manewada,9,20,15,PEAK
8,35,Chatrapati Square,9,21,21,PEAK
8,35,Pratap Nagar,9,23,23,PEAK
8,35,Trimurti Nagar,9,17,10,PEAK
8,35,Dharampeth,9,27,13,PEAK
8,35,Hingna,9,18,19,PEAK
8,35,YCCE,9,20,24,PEAK
8,35,Pardi,10,24,13,PEAK
8,35,HB Town,10,15,25,PEAK
8,35,Wathoda Square,10,18,14,PEAK
8,35,Kharbi Square,10,29,12,PEAK
8,35,Dighori,10,27,25,PEAK
8,35,Manewada,10,20,25,PEAK
8,35,Chatrapati Square,10,29,18,PEAK
8,35,Pratap Nagar,10,15,11,PEAK
8,35,Trimurti Nagar,10,29,13,PEAK
8,35,Dharampeth,10,28,14,PEAK
8,35,Hingna,10,27,24,PEAK
8,35,YCCE,10,23,12,PEAK
8,35,Pardi,11,8,11,MEDIUM
8,35,HB Town,11,13,12,MEDIUM
8,35,Wathoda Square,11,11,12,MEDIUM
8,35,Kharbi Square,11,9,6,MEDIUM
8,35,Dighori,11,13,7,MEDIUM
8,35,Manewada,11,13,6,MEDIUM
8,35,Chatrapati Square,11,11,10,MEDIUM
8,35,Pratap Nagar,11,9,6,MEDIUM
8,35,Trimurti Nagar,11,8,7,MEDIUM
8,35,Dharampeth,11,10,9,MEDIUM
8,35,Hingna,11,7,11,MEDIUM
8,35,YCCE,11,8,8,MEDIUM
8,35,Pardi,12,2,6,LOW
8,35,HB Town,12,4,6,LOW
8,35,Wathoda Square,12,4,4,LOW
8,35,Kharbi Square,12,5,2,LOW
8,35,Dighori,12,7,2,LOW
8,35,Manewada,12,2,4,LOW
8,35,Chatrapati Square,12,3,6,LOW
8,35,Pratap Nagar,12,8,5,LOW
8,35,Trimurti Nagar,12,4,3,LOW
8,35,Dharampeth,12,2,3,LOW
8,35,Hingna,12,8,3,LOW
8,35,YCCE,12,5,5,LOW
8,35,Pardi,13,5,2,LOW
8,35,HB Town,13,7,3,LOW
8,35,Wathoda Square,13,4,4,LOW
8,35,Kharbi Square,13,7,6,LOW
8,35,Dighori,13,4,4,LOW
8,35,Manewada,13,8,2,LOW
8,35,Chatrapati Square,13,2,2,LOW
8,35,Pratap Nagar,13,7,3,LOW
8,35,Trimurti Nagar,13,5,2,LOW
8,35,Dharampeth,13,8,6,LOW
8,35,Hingna,13,3,6,LOW
8,35,YCCE,13,7,5,LOW
8,35,Pardi,14,2,4,LOW
8,35,HB Town,14,8,6,LOW
8,35,Wathoda Square,14,4,4,LOW
8,35,Kharbi Square,14,5,6,LOW
8,35,Dighori,14,6,6,LOW
8,35,Manewada,14,8,5,LOW
8,35,Chatrapati Square,14,2,5,LOW
8,35,Pratap Nagar,14,6,4,LOW
8,35,Trimurti Nagar,14,2,4,LOW
8,35,Dharampeth,14,3,5,LOW
8,35,Hingna,14,4,2,LOW
8,35,YCCE,14,2,3,LOW
8,35,Pardi,15,3,5,LOW
8,35,HB Town,15,6,3,LOW
8,35,Wathoda Square,15,5,5,LOW
8,35,Kharbi Square,15,3,4,LOW
8,35,Dighori,15,7,2,LOW
8,35,Manewada,15,6,6,LOW
8,35,Chatrapati Square,15,2,6,LOW
8,35,Pratap Nagar,15,5,2,LOW
8,35,Trimurti Nagar,15,2,3,LOW
8,35,Dharampeth,15,5,2,LOW
8,35,Hingna,15,2,6,LOW
8,35,YCCE,15,7,2,LOW
8,35,Pardi,16,14,11,MEDIUM
8,35,HB Town,16,8,12,MEDIUM
8,35,Wathoda Square,16,11,9,MEDIUM
8,35,Kharbi Square,16,9,12,MEDIUM
8,35,Dighori,16,12,7,MEDIUM
8,35,Manewada,16,10,8,MEDIUM
8,35,Chatrapati Square,16,7,9,MEDIUM
8,35,Pratap Nagar,16,7,12,MEDIUM
8,35,Trimurti Nagar,16,8,7,MEDIUM
8,35,Dharampeth,16,14,6,MEDIUM
8,35,Hingna,16,12,9,MEDIUM
8,35,YCCE,16,13,11,MEDIUM
8,35,Pardi,17,20,18,HIGH
8,35,HB Town,17,21,20,HIGH
8,35,Wathoda Square,17,20,28,HIGH
8,35,Kharbi Square,17,12,25,HIGH
8,35,Dighori,17,10,12,HIGH
8,35,Manewada,17,12,21,HIGH
8,35,Chatrapati Square,17,15,20,HIGH
8,35,Pratap Nagar,17,17,20,HIGH
8,35,Trimurti Nagar,17,19,16,HIGH
8,35,Dharampeth,17,15,12,HIGH
8,35,Hingna,17,10,22,HIGH
8,35,YCCE,17,14,15,HIGH
8,35,Pardi,18,22,15,HIGH
8,35,HB Town,18,15,24,HIGH
8,35,Wathoda Square,18,18,12,HIGH
8,35,Kharbi Square,18,15,24,HIGH
8,35,Dighori,18,14,14,HIGH
8,35,Manewada,18,14,14,HIGH
8,35,Chatrapati Square,18,22,25,HIGH
8,35,Pratap Nagar,18,12,18,HIGH
8,35,Trimurti Nagar,18,17,17,HIGH
8,35,Dharampeth,18,10,16,HIGH
8,35,Hingna,18,18,19,HIGH
8,35,YCCE,18,11,22,HIGH
8,35,Pardi,19,13,16,HIGH
8,35,HB Town,19,20,26,HIGH
8,35,Wathoda Square,19,19,17,HIGH
8,35,Kharbi Square,19,14,13,HIGH
8,35,Dighori,19,14,25,HIGH
8,35,Manewada,19,15,23,HIGH
8,35,Chatrapati Square,19,21,19,HIGH
8,35,Pratap Nagar,19,19,13,HIGH
8,35,Trimurti Nagar,19,20,12,HIGH
8,35,Dharampeth,19,21,22,HIGH
8,35,Hingna,19,19,26,HIGH
8,35,YCCE,19,14,28,HIGH
8,35,Pardi,20,10,12,HIGH
8,35,HB Town,20,19,12,HIGH
8,35,Wathoda Square,20,16,27,HIGH
8,35,Kharbi Square,20,17,28,HIGH
8,35,Dighori,20,12,17,HIGH
8,35,Manewada,20,21,20,HIGH
8,35,Chatrapati Square,20,15,16,HIGH
8,35,Pratap Nagar,20,18,16,HIGH
8,35,Trimurti Nagar,20,16,12,HIGH
8,35,Dharampeth,20,12,14,HIGH
8,35,Hingna,20,10,17,HIGH
8,35,YCCE,20,20,18,HIGH
8,35,Pardi,21,12,10,MEDIUM
8,35,HB Town,21,10,9,MEDIUM
8,35,Wathoda Square,21,10,11,MEDIUM
8,35,Kharbi Square,21,12,10,MEDIUM
8,35,Dighori,21,13,7,MEDIUM
8,35,Manewada,21,10,10,MEDIUM
8,35,Chatrapati Square,21,6,9,MEDIUM
8,35,Pratap Nagar,21,7,10,MEDIUM
8,35,Trimurti Nagar,21,12,7,MEDIUM
8,35,Dharampeth,21,9,6,MEDIUM
8,35,Hingna,21,12,10,MEDIUM
8,35,YCCE,21,6,8,MEDIUM
9,61,Burdi,6,14,7,MEDIUM
9,61,Panchasheel Square,6,11,8,MEDIUM
9,61,Rahate Colony,6,9,10,MEDIUM
9,61,Ajni Square,6,6,10,MEDIUM
9,61,Chatrapati Square,6,14,6,MEDIUM
9,61,Ujjwal Nagar,6,7,7,MEDIUM
9,61,Airport,6,12,8,MEDIUM
9,61,Chinchbhavan,6,6,10,MEDIUM
9,61,Khapri,6,6,6,MEDIUM
9,61,Ashokwan,6,8,10,MEDIUM
9,61,Mohgaon,6,7,8,MEDIUM
9,61,Butibori,6,12,6,MEDIUM
9,61,Burdi,7,12,9,MEDIUM
9,61,Panchasheel Square,7,13,6,MEDIUM
9,61,Rahate Colony,7,14,9,MEDIUM
9,61,Ajni Square,7,8,12,MEDIUM
9,61,Chatrapati Square,7,9,9,MEDIUM
9,61,Ujjwal Nagar,7,14,12,MEDIUM
9,61,Airport,7,10,12,MEDIUM
9,61,Chinchbhavan,7,10,11,MEDIUM
9,61,Khapri,7,10,9,MEDIUM
9,61,Ashokwan,7,14,6,MEDIUM
9,61,Mohgaon,7,13,9,MEDIUM
9,61,Butibori,7,11,8,MEDIUM
9,61,Burdi,8,15,19,PEAK
9,61,Panchasheel Square,8,20,22,PEAK
9,61,Rahate Colony,8,30,12,PEAK
9,61,Ajni Square,8,24,16,PEAK
9,61,Chatrapati Square,8,23,10,PEAK
9,61,Ujjwal Nagar,8,30,24,PEAK
9,61,Airport,8,28,21,PEAK
9,61,Chinchbhavan,8,27,11,PEAK
9,61,Khapri,8,19,21,PEAK
9,61,Ashokwan,8,29,19,PEAK
9,61,Mohgaon,8,30,22,PEAK
9,61,Butibori,8,15,18,PEAK
9,61,Burdi,9,15,14,PEAK
9,61,Panchasheel Square,9,19,19,PEAK
9,61,Rahate Colony,9,24,19,PEAK
9,61,Ajni Square,9,24,11,PEAK
9,61,Chatrapati Square,9,23,18,PEAK
9,61,Ujjwal Nagar,9,23,12,PEAK
9,61,Airport,9,27,20,PEAK
9,61,Chinchbhavan,9,27,12,PEAK
9,61,Khapri,9,25,11,PEAK
9,61,Ashokwan,9,23,11,PEAK
9,61,Mohgaon,9,20,21,PEAK
9,61,Butibori,9,23,12,PEAK
9,61,Burdi,10,26,11,PEAK
9,61,Panchasheel Square,10,21,23,PEAK
9,61,Rahate Colony,10,15,13,PEAK
9,61,Ajni Square,10,19,12,PEAK
9,61,Chatrapati Square,10,20,18,PEAK
9,61,Ujjwal Nagar,10,26,24,PEAK
9,61,Airport,10,19,19,PEAK
9,61,Chinchbhavan,10,27,14,PEAK
9,61,Khapri,10,18,10,PEAK
9,61,Ashokwan,10,17,13,PEAK
9,61,Mohgaon,10,20,19,PEAK
9,61,Butibori,10,28,14,PEAK
9,61,Burdi,11,6,10,MEDIUM
9,61,Panchasheel Square,11,6,9,MEDIUM
9,61,Rahate Colony,11,8,7,MEDIUM
9,61,Ajni Square,11,7,12,MEDIUM
9,61,Chatrapati Square,11,12,11,MEDIUM
9,61,Ujjwal Nagar,11,12,7,MEDIUM
9,61,Airport,11,10,11,MEDIUM
9,61,Chinchbhavan,11,14,11,MEDIUM
9,61,Khapri,11,11,6,MEDIUM
9,61,Ashokwan,11,14,6,MEDIUM
9,61,Mohgaon,11,10,9,MEDIUM
9,61,Butibori,11,14,10,MEDIUM
9,61,Burdi,12,4,3,LOW
9,61,Panchasheel Square,12,6,4,LOW
9,61,Rahate Colony,12,7,2,LOW
9,61,Ajni Square,12,6,5,LOW
9,61,Chatrapati Square,12,2,2,LOW
9,61,Ujjwal Nagar,12,8,2,LOW
9,61,Airport,12,4,6,LOW
9,61,Chinchbhavan,12,4,3,LOW
9,61,Khapri,12,6,4,LOW
9,61,Ashokwan,12,4,6,LOW
9,61,Mohgaon,12,5,5,LOW
9,61,Butibori,12,7,6,LOW
9,61,Burdi,13,6,5,LOW
9,61,Panchasheel Square,13,8,4,LOW
9,61,Rahate Colony,13,5,5,LOW
9,61,Ajni Square,13,6,5,LOW
9,61,Chatrapati Square,13,8,4,LOW
9,61,Ujjwal Nagar,13,2,6,LOW
9,61,Airport,13,7,6,LOW
9,61,Chinchbhavan,13,2,5,LOW
9,61,Khapri,13,6,6,LOW
9,61,Ashokwan,13,6,4,LOW
9,61,Mohgaon,13,6,6,LOW
9,61,Butibori,13,4,3,LOW
9,61,Burdi,14,2,5,LOW
9,61,Panchasheel Square,14,2,4,LOW
9,61,Rahate Colony,14,4,6,LOW
9,61,Ajni Square,14,8,3,LOW
9,61,Chatrapati Square,14,6,2,LOW
9,61,Ujjwal Nagar,14,3,6,LOW
9,61,Airport,14,2,5,LOW
9,61,Chinchbhavan,14,4,3,LOW
9,61,Khapri,14,8,2,LOW
9,61,Ashokwan,14,7,4,LOW
9,61,Mohgaon,14,8,3,LOW
9,61,Butibori,14,5,2,LOW
9,61,Burdi,15,8,2,LOW
9,61,Panchasheel Square,15,8,4,LOW
9,61,Rahate Colony,15,4,6,LOW
9,61,Ajni Square,15,4,6,LOW
9,61,Chatrapati Square,15,8,6,LOW
9,61,Ujjwal Nagar,15,5,6,LOW
9,61,Airport,15,8,4,LOW
9,61,Chinchbhavan,15,4,2,LOW
9,61,Khapri,15,3,5,LOW
9,61,Ashokwan,15,5,4,LOW
9,61,Mohgaon,15,3,4,LOW
9,61,Butibori,15,6,6,LOW
9,61,Burdi,16,9,11,MEDIUM
9,61,Panchasheel Square,16,13,9,MEDIUM
9,61,Rahate Colony,16,8,12,MEDIUM
9,61,Ajni Square,16,12,7,MEDIUM
9,61,Chatrapati Square,16,10,12,MEDIUM
9,61,Ujjwal Nagar,16,13,9,MEDIUM
9,61,Airport,16,9,7,MEDIUM
9,61,Chinchbhavan,16,13,7,MEDIUM
9,61,Khapri,16,9,12,MEDIUM
9,61,Ashokwan,16,13,11,MEDIUM
9,61,Mohgaon,16,8,11,MEDIUM
9,61,Butibori,16,13,11,MEDIUM
9,61,Burdi,17,13,13,HIGH
9,61,Panchasheel Square,17,10,15,HIGH
9,61,Rahate Colony,17,10,28,HIGH
9,61,Ajni Square,17,19,19,HIGH
9,61,Chatrapati Square,17,19,21,HIGH
9,61,Ujjwal Nagar,17,13,12,HIGH
9,61,Airport,17,16,12,HIGH
9,61,Chinchbhavan,17,12,22,HIGH
9,61,Khapri,17,15,14,HIGH
9,61,Ashokwan,17,16,27,HIGH
9,61,Mohgaon,17,19,21,HIGH
9,61,Butibori,17,10,26,HIGH
9,61,Burdi,18,16,26,HIGH
9,61,Panchasheel Square,18,12,19,HIGH
9,61,Rahate Colony,18,16,28,HIGH
9,61,Ajni Square,18,21,13,HIGH
9,61,Chatrapati Square,18,11,16,HIGH
9,61,Ujjwal Nagar,18,18,23,HIGH
9,61,Airport,18,11,19,HIGH
9,61,Chinchbhavan,18,13,26,HIGH
9,61,Khapri,18,16,22,HIGH
9,61,Ashokwan,18,19,14,HIGH
9,61,Mohgaon,18,10,27,HIGH
9,61,Butibori,18,21,17,HIGH
9,61,Burdi,19,17,23,HIGH
9,61,Panchasheel Square,19,10,26,HIGH
9,61,Rahate Colony,19,20,12,HIGH
9,61,Ajni Square,19,18,20,HIGH
9,61,Chatrapati Square,19,22,22,HIGH
9,61,Ujjwal Nagar,19,19,14,HIGH
9,61,Airport,19,16,15,HIGH
9,61,Chinchbhavan,19,20,27,HIGH
9,61,Khapri,19,13,25,HIGH
9,61,Ashokwan,19,19,13,HIGH
9,61,Mohgaon,19,11,25,HIGH
9,61,Butibori,19,17,22,HIGH
9,61,Burdi,20,19,26,HIGH
9,61,Panchasheel Square,20,16,22,HIGH
9,61,Rahate Colony,20,13,19,HIGH
9,61,Ajni Square,20,15,22,HIGH
9,61,Chatrapati Square,20,21,20,HIGH
9,61,Ujjwal Nagar,20,11,25,HIGH
9,61,Airport,20,19,20,HIGH
9,61,Chinchbhavan,20,18,20,HIGH
9,61,Khapri,20,13,28,HIGH
9,61,Ashokwan,20,22,12,HIGH
9,61,Mohgaon,20,20,17,HIGH
9,61,Butibori,20,10,27,HIGH
9,61,Burdi,21,10,8,MEDIUM
9,61,Panchasheel Square,21,7,10,MEDIUM
9,61,Rahate Colony,21,11,6,MEDIUM
9,61,Ajni Square,21,6,8,MEDIUM
9,61,Chatrapati Square,21,12,12,MEDIUM
9,61,Ujjwal Nagar,21,13,11,MEDIUM
9,61,Airport,21,13,9,MEDIUM
9,61,Chinchbhavan,21,11,7,MEDIUM
9,61,Khapri,21,13,8,MEDIUM
9,61,Ashokwan,21,11,11,MEDIUM
9,61,Mohgaon,21,12,8,MEDIUM
9,61,Butibori,21,14,8,MEDIUM
9,35,Pardi,6,8,8,MEDIUM
9,35,HB Town,6,7,6,MEDIUM
9,35,Wathoda Square,6,13,7,MEDIUM
9,35,Kharbi Square,6,6,6,MEDIUM
9,35,Dighori,6,8,11,MEDIUM
9,35,Manewada,6,6,12,MEDIUM
9,35,Chatrapati Square,6,11,8,MEDIUM
9,35,Pratap Nagar,6,13,10,MEDIUM
9,35,Trimurti Nagar,6,11,11,MEDIUM
9,35,Dharampeth,6,12,11,MEDIUM
9,35,Hingna,6,12,6,MEDIUM
9,35,YCCE,6,10,7,MEDIUM
9,35,Pardi,7,11,12,MEDIUM
9,35,HB Town,7,10,11,MEDIUM
9,35,Wathoda Square,7,7,6,MEDIUM
9,35,Kharbi Square,7,12,9,MEDIUM
9,35,Dighori,7,8,6,MEDIUM
9,35,Manewada,7,11,6,MEDIUM
9,35,Chatrapati Square,7,14,10,MEDIUM
9,35,Pratap Nagar,7,13,12,MEDIUM
9,35,Trimurti Nagar,7,9,8,MEDIUM
9,35,Dharampeth,7,14,11,MEDIUM
9,35,Hingna,7,14,6,MEDIUM
9,35,YCCE,7,10,12,MEDIUM
9,35,Pardi,8,24,21,PEAK
9,35,HB Town,8,26,11,PEAK
9,35,Wathoda Square,8,30,14,PEAK
9,35,Kharbi Square,8,21,17,PEAK
9,35,Dighori,8,20,22,PEAK
9,35,Manewada,8,23,20,PEAK
9,35,Chatrapati Square,8,29,11,PEAK
9,35,Pratap Nagar,8,23,10,PEAK
9,35,Trimurti Nagar,8,23,10,PEAK
9,35,Dharampeth,8,20,20,PEAK
9,35,Hingna,8,19,18,PEAK
9,35,YCCE,8,17,18,PEAK
9,35,Pardi,9,29,11,PEAK
9,35,HB Town,9,26,12,PEAK
9,35,Wathoda Square,9,27,22,PEAK
9,35,Kharbi Square,9,22,17,PEAK
9,35,Dighori,9,23,25,PEAK
9,35,Manewada,9,26,12,PEAK
9,35,Chatrapati Square,9,20,14,PEAK
9,35,Pratap Nagar,9,29,10,PEAK
9,35,Trimurti Nagar,9,16,19,PEAK
9,35,Dharampeth,9,28,25,PEAK
9,35,Hingna,9,25,25,PEAK
9,35,YCCE,9,27,12,PEAK
9,35,Pardi,10,23,12,PEAK
9,35,HB Town,10,28,10,PEAK
9,35,Wathoda Square,10,19,22,PEAK
9,35,Kharbi Square,10,24,12,PEAK
9,35,Dighori,10,20,21,PEAK
9,35,Manewada,10,18,10,PEAK
9,35,Chatrapati Square,10,27,23,PEAK
9,35,Pratap Nagar,10,30,21,PEAK
9,35,Trimurti Nagar,10,29,14,PEAK
9,35,Dharampeth,10,29,10,PEAK
9,35,Hingna,10,18,13,PEAK
9,35,YCCE,10,28,21,PEAK
9,35,Pardi,11,14,6,MEDIUM
9,35,HB Town,11,11,8,MEDIUM
9,35,Wathoda Square,11,9,8,MEDIUM
9,35,Kharbi Square,11,7,9,MEDIUM
9,35,Dighori,11,7,7,MEDIUM
9,35,Manewada,11,7,10,MEDIUM
9,35,Chatrapati Square,11,11,7,MEDIUM
9,35,Pratap Nagar,11,10,7,MEDIUM
9,35,Trimurti Nagar,11,11,10,MEDIUM
9,35,Dharampeth,11,9,8,MEDIUM
9,35,Hingna,11,6,8,MEDIUM
9,35,YCCE,11,12,7,MEDIUM
9,35,Pardi,12,6,2,LOW
9,35,HB Town,12,4,2,LOW
9,35,Wathoda Square,12,3,2,LOW
9,35,Kharbi Square,12,5,4,LOW
9,35,Dighori,12,2,5,LOW
9,35,Manewada,12,2,5,LOW
9,35,Chatrapati Square,12,7,4,LOW
9,35,Pratap Nagar,12,2,5,LOW
9,35,Trimurti Nagar,12,6,4,LOW
9,35,Dharampeth,12,3,3,LOW
9,35,Hingna,12,4,6,LOW
9,35,YCCE,12,8,5,LOW
9,35,Pardi,13,8,5,LOW
9,35,HB Town,13,7,3,LOW
9,35,Wathoda Square,13,4,4,LOW
9,35,Kharbi Square,13,5,5,LOW
9,35,Dighori,13,5,3,LOW
9,35,Manewada,13,8,5,LOW
9,35,Chatrapati Square,13,3,4,LOW
9,35,Pratap Nagar,13,7,6,LOW
9,35,Trimurti Nagar,13,5,5,LOW
9,35,Dharampeth,13,8,5,LOW
9,35,Hingna,13,8,2,LOW
9,35,YCCE,13,3,6,LOW
9,35,Pardi,14,8,2,LOW
9,35,HB Town,14,7,3,LOW
9,35,Wathoda Square,14,8,4,LOW
9,35,Kharbi Square,14,5,6,LOW
9,35,Dighori,14,5,4,LOW
9,35,Manewada,14,2,3,LOW
9,35,Chatrapati Square,14,7,3,LOW
9,35,Pratap Nagar,14,6,6,LOW
9,35,Trimurti Nagar,14,6,2,LOW
9,35,Dharampeth,14,8,5,LOW
9,35,Hingna,14,2,6,LOW
9,35,YCCE,14,2,2,LOW
9,35,Pardi,15,3,6,LOW
9,35,HB Town,15,7,5,LOW
9,35,Wathoda Square,15,7,2,LOW
9,35,Kharbi Square,15,8,6,LOW
9,35,Dighori,15,7,3,LOW
9,35,Manewada,15,5,4,LOW
9,35,Chatrapati Square,15,5,4,LOW
9,35,Pratap Nagar,15,6,5,LOW
9,35,Trimurti Nagar,15,5,2,LOW
9,35,Dharampeth,15,5,5,LOW
9,35,Hingna,15,3,5,LOW
9,35,YCCE,15,4,5,LOW
9,35,Pardi,16,8,9,MEDIUM
9,35,HB Town,16,14,10,MEDIUM
9,35,Wathoda Square,16,7,11,MEDIUM
9,35,Kharbi Square,16,13,10,MEDIUM
9,35,Dighori,16,6,12,MEDIUM
9,35,Manewada,16,10,8,MEDIUM
9,35,Chatrapati Square,16,8,11,MEDIUM
9,35,Pratap Nagar,16,7,10,MEDIUM
9,35,Trimurti Nagar,16,7,7,MEDIUM
9,35,Dharampeth,16,8,6,MEDIUM
9,35,Hingna,16,8,12,MEDIUM
9,35,YCCE,16,10,12,MEDIUM
9,35,Pardi,17,21,22,HIGH
9,35,HB Town,17,22,17,HIGH
9,35,Wathoda Square,17,15,15,HIGH
9,35,Kharbi Square,17,12,17,HIGH
9,35,Dighori,17,10,27,HIGH
9,35,Manewada,17,20,18,HIGH
9,35,Chatrapati Square,17,15,17,HIGH
9,35,Pratap Nagar,17,20,20,HIGH
9,35,Trimurti Nagar,17,16,24,HIGH
9,35,Dharampeth,17,13,24,HIGH
9,35,Hingna,17,16,23,HIGH
9,35,YCCE,17,14,15,HIGH
9,35,Pardi,18,19,14,HIGH
9,35,HB Town,18,11,27,HIGH
9,35,Wathoda Square,18,21,19,HIGH
9,35,Kharbi Square,18,22,13,HIGH
9,35,Dighori,18,21,20,HIGH
9,35,Manewada,18,13,22,HIGH
9,35,Chatrapati Square,18,12,21,HIGH
9,35,Pratap Nagar,18,21,27,HIGH
9,35,Trimurti Nagar,18,15,21,HIGH
9,35,Dharampeth,18,10,19,HIGH
9,35,Hingna,18,20,23,HIGH
9,35,YCCE,18,19,16,HIGH
9,35,Pardi,19,21,21,HIGH
9,35,HB Town,19,11,27,HIGH
9,35,Wathoda Square,19,19,21,HIGH
9,35,Kharbi Square,19,16,19,HIGH
9,35,Dighori,19,15,19,HIGH
9,35,Manewada,19,11,16,HIGH
9,35,Chatrapati Square,19,17,14,HIGH
9,35,Pratap Nagar,19,21,16,HIGH
9,35,Trimurti Nagar,19,22,22,HIGH
9,35,Dharampeth,19,16,20,HIGH
9,35,Hingna,19,19,18,HIGH
9,35,YCCE,19,18,16,HIGH
9,35,Pardi,20,10,17,HIGH
9,35,HB Town,20,22,27,HIGH
9,35,Wathoda Square,20,19,16,HIGH
9,35,Kharbi Square,20,20,20,HIGH
9,35,Dighori,20,22,19,HIGH
9,35,Manewada,20,12,23,HIGH
9,35,Chatrapati Square,20,12,21,HIGH
9,35,Pratap Nagar,20,13,14,HIGH
9,35,Trimurti Nagar,20,12,28,HIGH
9,35,Dharampeth,20,20,13,HIGH
9,35,Hingna,20,22,15,HIGH
9,35,YCCE,20,14,14,HIGH
9,35,Pardi,21,14,12,MEDIUM
9,35,HB Town,21,7,11,MEDIUM
9,35,Wathoda Square,21,14,10,MEDIUM
9,35,Kharbi Square,21,10,7,MEDIUM
9,35,Dighori,21,8,7,MEDIUM
9,35,Manewada,21,8,9,MEDIUM
9,35,Chatrapati Square,21,7,10,MEDIUM
9,35,Pratap Nagar,21,12,8,MEDIUM
9,35,Trimurti Nagar,21,13,7,MEDIUM
9,35,Dharampeth,21,8,8,MEDIUM
9,35,Hingna,21,8,6,MEDIUM
9,35,YCCE,21,14,9,MEDIUM
10,61,Burdi,6,10,9,MEDIUM
10,61,Panchasheel Square,6,6,6,MEDIUM
10,61,Rahate Colony,6,9,12,MEDIUM
10,61,Ajni Square,6,10,10,MEDIUM
10,61,Chatrapati Square,6,9,9,MEDIUM
10,61,Ujjwal Nagar,6,11,9,MEDIUM
10,61,Airport,6,11,7,MEDIUM
10,61,Chinchbhavan,6,10,10,MEDIUM
10,61,Khapri,6,8,9,MEDIUM
10,61,Ashokwan,6,7,9,MEDIUM
10,61,Mohgaon,6,10,7,MEDIUM
10,61,Butibori,6,10,10,MEDIUM
10,61,Burdi,7,10,12,MEDIUM
10,61,Panchasheel Square,7,9,7,MEDIUM
10,61,Rahate Colony,7,10,8,MEDIUM
10,61,Ajni Square,7,6,11,MEDIUM
10,61,Chatrapati Square,7,6,11,MEDIUM
10,61,Ujjwal Nagar,7,13,12,MEDIUM
10,61,Airport,7,14,10,MEDIUM
10,61,Chinchbhavan,7,12,10,MEDIUM
10,61,Khapri,7,13,10,MEDIUM
10,61,Ashokwan,7,6,9,MEDIUM
10,61,Mohgaon,7,7,8,MEDIUM
10,61,Butibori,7,13,11,MEDIUM
10,61,Burdi,8,29,14,PEAK
10,61,Panchasheel Square,8,26,13,PEAK
10,61,Rahate Colony,8,29,25,PEAK
10,61,Ajni Square,8,24,25,PEAK
10,61,Chatrapati Square,8,30,19,PEAK
10,61,Ujjwal Nagar,8,16,11,PEAK
10,61,Airport,8,24,22,PEAK
10,61,Chinchbhavan,8,22,15,PEAK
10,61,Khapri,8,29,23,PEAK
10,61,Ashokwan,8,23,17,PEAK
10,61,Mohgaon,8,15,15,PEAK
10,61,Butibori,8,26,11,PEAK
10,61,Burdi,9,29,25,PEAK
10,61,Panchasheel Square,9,20,24,PEAK
10,61,Rahate Colony,9,25,17,PEAK
10,61,Ajni Square,9,27,14,PEAK
10,61,Chatrapati Square,9,24,14,PEAK
10,61,Ujjwal Nagar,9,22,10,PEAK
10,61,Airport,9,24,18,PEAK
10,61,Chinchbhavan,9,27,18,PEAK
10,61,Khapri,9,19,20,PEAK
10,61,Ashokwan,9,22,24,PEAK
10,61,Mohgaon,9,17,19,PEAK
10,61,Butibori,9,18,17,PEAK
10,61,Burdi,10,28,13,PEAK
10,61,Panchasheel Square,10,28,15,PEAK
10,61,Rahate Colony,10,19,13,PEAK
10,61,Ajni Square,10,24,13,PEAK
10,61,Chatrapati Square,10,27,16,PEAK
10,61,Ujjwal Nagar,10,30,21,PEAK
10,61,Airport,10,15,12,PEAK
10,61,Chinchbhavan,10,27,11,PEAK
10,61,Khapri,10,19,23,PEAK
10,61,Ashokwan,10,26,10,PEAK
10,61,Mohgaon,10,23,13,PEAK
10,61,Butibori,10,27,10,PEAK
10,61,Burdi,11,13,10,MEDIUM
10,61,Panchasheel Square,11,11,6,MEDIUM
10,61,Rahate Colony,11,9,6,MEDIUM
10,61,Ajni Square,11,10,12,MEDIUM
10,61,Chatrapati Square,11,13,10,MEDIUM
10,61,Ujjwal Nagar,11,9,10,MEDIUM
10,61,Airport,11,9,9,MEDIUM
10,61,Chinchbhavan,11,7,7,MEDIUM
10,61,Khapri,11,11,7,MEDIUM
10,61,Ashokwan,11,10,11,MEDIUM
10,61,Mohgaon,11,8,9,MEDIUM
10,61,Butibori,11,10,8,MEDIUM
10,61,Burdi,12,5,6,LOW
10,61,Panchasheel Square,12,5,2,LOW
10,61,Rahate Colony,12,7,4,LOW
10,61,Ajni Square,12,7,6,LOW
10,61,Chatrapati Square,12,4,6,LOW
10,61,Ujjwal Nagar,12,8,6,LOW
10,61,Airport,12,4,6,LOW
10,61,Chinchbhavan,12,8,5,LOW
10,61,Khapri,12,7,6,LOW
10,61,Ashokwan,12,4,5,LOW
10,61,Mohgaon,12,4,2,LOW
10,61,Butibori,12,7,3,LOW
10,61,Burdi,13,7,5,LOW
10,61,Panchasheel Square,13,4,4,LOW
10,61,Rahate Colony,13,6,5,LOW
10,61,Ajni Square,13,7,4,LOW
10,61,Chatrapati Square,13,2,4,LOW
10,61,Ujjwal Nagar,13,4,4,LOW
10,61,Airport,13,7,3,LOW
10,61,Chinchbhavan,13,4,4,LOW
10,61,Khapri,13,4,6,LOW
10,61,Ashokwan,13,7,3,LOW
10,61,Mohgaon,13,3,3,LOW
10,61,Butibori,13,4,3,LOW
10,61,Burdi,14,4,4,LOW
10,61,Panchasheel Square,14,4,5,LOW
10,61,Rahate Colony,14,4,3,LOW
10,61,Ajni Square,14,5,5,LOW
10,61,Chatrapati Square,14,4,3,LOW
10,61,Ujjwal Nagar,14,5,6,LOW
10,61,Airport,14,5,3,LOW
10,61,Chinchbhavan,14,4,4,LOW
10,61,Khapri,14,5,4,LOW
10,61,Ashokwan,14,7,5,LOW
10,61,Mohgaon,14,8,4,LOW
10,61,Butibori,14,7,6,LOW
10,61,Burdi,15,7,2,LOW
10,61,Panchasheel Square,15,3,2,LOW
10,61,Rahate Colony,15,2,3,LOW
10,61,Ajni Square,15,6,5,LOW
10,61,Chatrapati Square,15,4,2,LOW
10,61,Ujjwal Nagar,15,4,2,LOW
10,61,Airport,15,7,3,LOW
10,61,Chinchbhavan,15,6,5,LOW
10,61,Khapri,15,3,4,LOW
10,61,Ashokwan,15,7,4,LOW
10,61,Mohgaon,15,6,5,LOW
10,61,Butibori,15,3,6,LOW
10,61,Burdi,16,10,7,MEDIUM
10,61,Panchasheel Square,16,9,8,MEDIUM
10,61,Rahate Colony,16,10,6,MEDIUM
10,61,Ajni Square,16,10,7,MEDIUM
10,61,Chatrapati Square,16,7,7,MEDIUM
10,61,Ujjwal Nagar,16,13,7,MEDIUM
10,61,Airport,16,6,6,MEDIUM
10,61,Chinchbhavan,16,8,9,MEDIUM
10,61,Khapri,16,7,9,MEDIUM
10,61,Ashokwan,16,9,8,MEDIUM
10,61,Mohgaon,16,14,9,MEDIUM
10,61,Butibori,16,8,10,MEDIUM
10,61,Burdi,17,11,17,HIGH
10,61,Panchasheel Square,17,14,15,HIGH
10,61,Rahate Colony,17,10,13,HIGH
10,61,Ajni Square,17,19,23,HIGH
10,61,Chatrapati Square,17,10,26,HIGH
10,61,Ujjwal Nagar,17,18,20,HIGH
10,61,Airport,17,10,13,HIGH
10,61,Chinchbhavan,17,10,16,HIGH
10,61,Khapri,17,15,13,HIGH
10,61,Ashokwan,17,19,18,HIGH
10,61,Mohgaon,17,20,17,HIGH
10,61,Butibori,17,22,27,HIGH
10,61,Burdi,18,16,20,HIGH
10,61,Panchasheel Square,18,12,22,HIGH
10,61,Rahate Colony,18,18,12,HIGH
10,61,Ajni Square,18,16,25,HIGH
10,61,Chatrapati Square,18,15,18,HIGH
10,61,Ujjwal Nagar,18,18,13,HIGH
10,61,Airport,18,16,19,HIGH
10,61,Chinchbhavan,18,14,28,HIGH
10,61,Khapri,18,15,25,HIGH
10,61,Ashokwan,18,13,14,HIGH
10,61,Mohgaon,18,15,27,HIGH
10,61,Butibori,18,14,21,HIGH
10,61,Burdi,19,17,17,HIGH
10,61,Panchasheel Square,19,13,20,HIGH
10,61,Rahate Colony,19,15,12,HIGH
10,61,Ajni Square,19,13,23,HIGH
10,61,Chatrapati Square,19,18,28,HIGH
10,61,Ujjwal Nagar,19,13,22,HIGH
10,61,Airport,19,13,26,HIGH
10,61,Chinchbhavan,19,22,16,HIGH
10,61,Khapri,19,13,13,HIGH
10,61,Ashokwan,19,15,25,HIGH
10,61,Mohgaon,19,12,21,HIGH
10,61,Butibori,19,20,19,HIGH
10,61,Burdi,20,16,21,HIGH
10,61,Panchasheel Square,20,15,28,HIGH
10,61,Rahate Colony,20,20,15,HIGH
10,61,Ajni Square,20,20,15,HIGH
10,61,Chatrapati Square,20,11,22,HIGH
10,61,Ujjwal Nagar,20,22,27,HIGH
10,61,Airport,20,11,15,HIGH
10,61,Chinchbhavan,20,20,15,HIGH
10,61,Khapri,20,21,14,HIGH
10,61,Ashokwan,20,16,25,HIGH
10,61,Mohgaon,20,10,23,HIGH
10,61,Butibori,20,16,15,HIGH
10,61,Burdi,21,13,7,MEDIUM
10,61,Panchasheel Square,21,8,7,MEDIUM
10,61,Rahate Colony,21,6,11,MEDIUM
10,61,Ajni Square,21,10,11,MEDIUM
10,61,Chatrapati Square,21,9,9,MEDIUM
10,61,Ujjwal Nagar,21,8,7,MEDIUM
10,61,Airport,21,10,7,MEDIUM
10,61,Chinchbhavan,21,9,9,MEDIUM
10,61,Khapri,21,12,7,MEDIUM
10,61,Ashokwan,21,8,10,MEDIUM
10,61,Mohgaon,21,10,6,MEDIUM
10,61,Butibori,21,9,12,MEDIUM
10,35,Pardi,6,13,9,MEDIUM
10,35,HB Town,6,9,10,MEDIUM
10,35,Wathoda Square,6,10,12,MEDIUM
10,35,Kharbi Square,6,12,12,MEDIUM
10,35,Dighori,6,11,10,MEDIUM
10,35,Manewada,6,8,7,MEDIUM
10,35,Chatrapati Square,6,11,9,MEDIUM
10,35,Pratap Nagar,6,6,8,MEDIUM
10,35,Trimurti Nagar,6,12,6,MEDIUM
10,35,Dharampeth,6,13,10,MEDIUM
10,35,Hingna,6,7,11,MEDIUM
10,35,YCCE,6,8,8,MEDIUM
10,35,Pardi,7,6,12,MEDIUM
10,35,HB Town,7,11,8,MEDIUM
10,35,Wathoda Square,7,12,8,MEDIUM
10,35,Kharbi Square,7,7,7,MEDIUM
10,35,Dighori,7,13,9,MEDIUM
10,35,Manewada,7,6,12,MEDIUM
10,35,Chatrapati Square,7,12,8,MEDIUM
10,35,Pratap Nagar,7,8,11,MEDIUM
10,35,Trimurti Nagar,7,13,7,MEDIUM
10,35,Dharampeth,7,8,8,MEDIUM
10,35,Hingna,7,8,12,MEDIUM
10,35,YCCE,7,6,12,MEDIUM
10,35,Pardi,8,30,18,PEAK
10,35,HB Town,8,20,19,PEAK
10,35,Wathoda Square,8,28,12,PEAK
10,35,Kharbi Square,8,20,13,PEAK
10,35,Dighori,8,21,22,PEAK
10,35,Manewada,8,29,20,PEAK
10,35,Chatrapati Square,8,21,11,PEAK
10,35,Pratap Nagar,8,18,12,PEAK
10,35,Trimurti Nagar,8,21,15,PEAK
10,35,Dharampeth,8,21,15,PEAK
10,35,Hingna,8,23,10,PEAK
10,35,YCCE,8,17,12,PEAK
10,35,Pardi,9,18,22,PEAK
10,35,HB Town,9,29,24,PEAK
10,35,Wathoda Square,9,25,25,PEAK
10,35,Kharbi Square,9,25,18,PEAK
10,35,Dighori,9,29,15,PEAK
10,35,Manewada,9,28,13,PEAK
10,35,Chatrapati Square,9,20,20,PEAK
10,35,Pratap Nagar,9,19,23,PEAK
10,35,Trimurti Nagar,9,15,21,PEAK
10,35,Dharampeth,9,18,15,PEAK
10,35,Hingna,9,26,11,PEAK
10,35,YCCE,9,27,11,PEAK
10,35,Pardi,10,29,23,PEAK
10,35,HB Town,10,25,19,PEAK
10,35,Wathoda Square,10,20,18,PEAK
10,35,Kharbi Square,10,28,23,PEAK
10,35,Dighori,10,16,14,PEAK
10,35,Manewada,10,20,24,PEAK
10,35,Chatrapati Square,10,28,12,PEAK
10,35,Pratap Nagar,10,17,25,PEAK
10,35,Trimurti Nagar,10,21,16,PEAK
10,35,Dharampeth,10,21,19,PEAK
10,35,Hingna,10,20,15,PEAK
10,35,YCCE,10,19,10,PEAK
10,35,Pardi,11,12,10,MEDIUM
10,35,HB Town,11,14,11,MEDIUM
10,35,Wathoda Square,11,12,8,MEDIUM
10,35,Kharbi Square,11,7,7,MEDIUM
10,35,Dighori,11,12,7,MEDIUM
10,35,Manewada,11,11,9,MEDIUM
10,35,Chatrapati Square,11,8,9,MEDIUM
10,35,Pratap Nagar,11,9,11,MEDIUM
10,35,Trimurti Nagar,11,13,8,MEDIUM
10,35,Dharampeth,11,13,10,MEDIUM
10,35,Hingna,11,9,12,MEDIUM
10,35,YCCE,11,14,11,MEDIUM
10,35,Pardi,12,8,3,LOW
10,35,HB Town,12,8,2,LOW
10,35,Wathoda Square,12,2,4,LOW
10,35,Kharbi Square,12,6,4,LOW
10,35,Dighori,12,7,3,LOW
10,35,Manewada,12,5,4,LOW
10,35,Chatrapati Square,12,4,2,LOW
10,35,Pratap Nagar,12,2,6,LOW
10,35,Trimurti Nagar,12,6,2,LOW
10,35,Dharampeth,12,3,5,LOW
10,35,Hingna,12,8,4,LOW
10,35,YCCE,12,5,4,LOW
10,35,Pardi,13,8,5,LOW
10,35,HB Town,13,4,6,LOW
10,35,Wathoda Square,13,2,2,LOW
10,35,Kharbi Square,13,6,5,LOW
10,35,Dighori,13,5,3,LOW
10,35,Manewada,13,4,6,LOW
10,35,Chatrapati Square,13,6,2,LOW
10,35,Pratap Nagar,13,7,5,LOW
10,35,Trimurti Nagar,13,6,4,LOW
10,35,Dharampeth,13,3,6,LOW
10,35,Hingna,13,7,2,LOW
10,35,YCCE,13,6,5,LOW
10,35,Pardi,14,2,4,LOW
10,35,HB Town,14,4,2,LOW
10,35,Wathoda Square,14,3,5,LOW
10,35,Kharbi Square,14,6,4,LOW
10,35,Dighori,14,8,4,LOW
10,35,Manewada,14,8,6,LOW
10,35,Chatrapati Square,14,3,4,LOW
10,35,Pratap Nagar,14,8,2,LOW
10,35,Trimurti Nagar,14,8,5,LOW
10,35,Dharampeth,14,5,6,LOW
10,35,Hingna,14,3,2,LOW
10,35,YCCE,14,3,2,LOW
10,35,Pardi,15,3,5,LOW
10,35,HB Town,15,5,3,LOW
10,35,Wathoda Square,15,3,3,LOW
10,35,Kharbi Square,15,4,4,LOW
10,35,Dighori,15,6,5,LOW
10,35,Manewada,15,3,3,LOW
10,35,Chatrapati Square,15,6,4,LOW
10,35,Pratap Nagar,15,8,6,LOW
10,35,Trimurti Nagar,15,7,4,LOW
10,35,Dharampeth,15,2,3,LOW
10,35,Hingna,15,5,2,LOW
10,35,YCCE,15,8,6,LOW
10,35,Pardi,16,13,8,MEDIUM
10,35,HB Town,16,14,11,MEDIUM
10,35,Wathoda Square,16,14,10,MEDIUM
10,35,Kharbi Square,16,10,12,MEDIUM
10,35,Dighori,16,11,7,MEDIUM
10,35,Manewada,16,8,6,MEDIUM
10,35,Chatrapati Square,16,14,10,MEDIUM
10,35,Pratap Nagar,16,13,11,MEDIUM
10,35,Trimurti Nagar,16,8,8,MEDIUM
10,35,Dharampeth,16,10,11,MEDIUM
10,35,Hingna,16,11,9,MEDIUM
10,35,YCCE,16,14,10,MEDIUM
10,35,Pardi,17,18,28,HIGH
10,35,HB Town,17,13,22,HIGH
10,35,Wathoda Square,17,11,27,HIGH
10,35,Kharbi Square,17,17,18,HIGH
10,35,Dighori,17,15,16,HIGH
10,35,Manewada,17,10,19,HIGH
10,35,Chatrapati Square,17,19,17,HIGH
10,35,Pratap Nagar,17,12,28,HIGH
10,35,Trimurti Nagar,17,10,23,HIGH
10,35,Dharampeth,17,13,19,HIGH
10,35,Hingna,17,21,19,HIGH
10,35,YCCE,17,15,13,HIGH
10,35,Pardi,18,12,21,HIGH
10,35,HB Town,18,20,28,HIGH
10,35,Wathoda Square,18,16,13,HIGH
10,35,Kharbi Square,18,12,28,HIGH
10,35,Dighori,18,13,27,HIGH
10,35,Manewada,18,16,19,HIGH
10,35,Chatrapati Square,18,15,13,HIGH
10,35,Pratap Nagar,18,13,19,HIGH
10,35,Trimurti Nagar,18,20,12,HIGH
10,35,Dharampeth,18,17,27,HIGH
10,35,Hingna,18,11,17,HIGH
10,35,YCCE,18,10,24,HIGH
10,35,Pardi,19,17,15,HIGH
10,35,HB Town,19,10,12,HIGH
10,35,Wathoda Square,19,14,28,HIGH
10,35,Kharbi Square,19,22,12,HIGH
10,35,Dighori,19,10,25,HIGH
10,35,Manewada,19,14,23,HIGH
10,35,Chatrapati Square,19,21,18,HIGH
10,35,Pratap Nagar,19,19,12,HIGH
10,35,Trimurti Nagar,19,14,15,HIGH
10,35,Dharampeth,19,22,24,HIGH
10,35,Hingna,19,18,16,HIGH
10,35,YCCE,19,14,27,HIGH
10,35,Pardi,20,17,22,HIGH
10,35,HB Town,20,11,20,HIGH
10,35,Wathoda Square,20,14,27,HIGH
10,35,Kharbi Square,20,20,18,HIGH
10,35,Dighori,20,19,26,HIGH
10,35,Manewada,20,14,27,HIGH
10,35,Chatrapati Square,20,22,22,HIGH
10,35,Pratap Nagar,20,22,12,HIGH
10,35,Trimurti Nagar,20,21,14,HIGH
10,35,Dharampeth,20,17,23,HIGH
10,35,Hingna,20,12,15,HIGH
10,35,YCCE,20,19,19,HIGH
10,35,Pardi,21,6,10,MEDIUM
10,35,HB Town,21,12,12,MEDIUM
10,35,Wathoda Square,21,13,8,MEDIUM
10,35,Kharbi Square,21,6,9,MEDIUM
10,35,Dighori,21,11,7,MEDIUM
10,35,Manewada,21,7,11,MEDIUM
10,35,Chatrapati Square,21,9,12,MEDIUM
10,35,Pratap Nagar,21,6,12,MEDIUM
10,35,Trimurti Nagar,21,13,12,MEDIUM
10,35,Dharampeth,21,14,12,MEDIUM
10,35,Hingna,21,12,12,MEDIUM
10,35,YCCE,21,8,8,MEDIUM
11,61,Burdi,6,9,12,MEDIUM
11,61,Panchasheel Square,6,8,8,MEDIUM
11,61,Rahate Colony,6,12,11,MEDIUM
11,61,Ajni Square,6,6,9,MEDIUM
11,61,Chatrapati Square,6,14,7,MEDIUM
11,61,Ujjwal Nagar,6,6,7,MEDIUM
11,61,Airport,6,6,11,MEDIUM
11,61,Chinchbhavan,6,8,7,MEDIUM
11,61,Khapri,6,8,8,MEDIUM
11,61,Ashokwan,6,6,8,MEDIUM
11,61,Mohgaon,6,8,8,MEDIUM
11,61,Butibori,6,7,9,MEDIUM
11,61,Burdi,7,12,7,MEDIUM
11,61,Panchasheel Square,7,12,9,MEDIUM
11,61,Rahate Colony,7,8,12,MEDIUM
11,61,Ajni Square,7,10,7,MEDIUM
11,61,Chatrapati Square,7,8,12,MEDIUM
11,61,Ujjwal Nagar,7,8,10,MEDIUM
11,61,Airport,7,12,12,MEDIUM
11,61,Chinchbhavan,7,8,6,MEDIUM
11,61,Khapri,7,14,6,MEDIUM
11,61,Ashokwan,7,13,7,MEDIUM
11,61,Mohgaon,7,6,8,MEDIUM
11,61,Butibori,7,6,7,MEDIUM
11,61,Burdi,8,16,11,PEAK
11,61,Panchasheel Square,8,23,25,PEAK
11,61,Rahate Colony,8,18,23,PEAK
11,61,Ajni Square,8,17,21,PEAK
11,61,Chatrapati Square,8,19,10,PEAK
11,61,Ujjwal Nagar,8,27,21,PEAK
11,61,Airport,8,15,11,PEAK
11,61,Chinchbhavan,8,20,17,PEAK
11,61,Khapri,8,27,20,PEAK
11,61,Ashokwan,8,20,25,PEAK
11,61,Mohgaon,8,29,23,PEAK
11,61,Butibori,8,21,12,PEAK
11,61,Burdi,9,30,11,PEAK
11,61,Panchasheel Square,9,19,14,PEAK
11,61,Rahate Colony,9,23,16,PEAK
11,61,Ajni Square,9,29,10,PEAK
11,61,Chatrapati Square,9,19,15,PEAK
11,61,Ujjwal Nagar,9,23,25,PEAK
11,61,Airport,9,30,12,PEAK
11,61,Chinchbhavan,9,28,25,PEAK
11,61,Khapri,9,17,23,PEAK
11,61,Ashokwan,9,21,23,PEAK
11,61,Mohgaon,9,19,16,PEAK
11,61,Butibori,9,15,19,PEAK
11,61,Burdi,10,29,10,PEAK
11,61,Panchasheel Square,10,17,21,PEAK
11,61,Rahate Colony,10,28,17,PEAK
11,61,Ajni Square,10,18,22,PEAK
11,61,Chatrapati Square,10,18,20,PEAK
11,61,Ujjwal Nagar,10,17,10,PEAK
11,61,Airport,10,28,22,PEAK
11,61,Chinchbhavan,10,21,25,PEAK
11,61,Khapri,10,25,10,PEAK
11,61,Ashokwan,10,28,12,PEAK
11,61,Mohgaon,10,26,25,PEAK
11,61,Butibori,10,27,25,PEAK
11,61,Burdi,11,12,7,MEDIUM
11,61,Panchasheel Square,11,11,11,MEDIUM
11,61,Rahate Colony,11,12,10,MEDIUM
11,61,Ajni Square,11,9,10,MEDIUM
11,61,Chatrapati Square,11,12,7,MEDIUM
11,61,Ujjwal Nagar,11,12,10,MEDIUM
11,61,Airport,11,9,7,MEDIUM
11,61,Chinchbhavan,11,7,10,MEDIUM
11,61,Khapri,11,13,10,MEDIUM
11,61,Ashokwan,11,11,11,MEDIUM
11,61,Mohgaon,11,14,12,MEDIUM
11,61,Butibori,11,9,8,MEDIUM
11,61,Burdi,12,2,5,LOW
11,61,Panchasheel Square,12,6,6,LOW
11,61,Rahate Colony,12,8,2,LOW
11,61,Ajni Square,12,8,6,LOW
11,61,Chatrapati Square,12,8,4,LOW
11,61,Ujjwal Nagar,12,5,5,LOW
11,61,Airport,12,5,5,LOW
11,61,Chinchbhavan,12,5,6,LOW
11,61,Khapri,12,7,4,LOW
11,61,Ashokwan,12,7,6,LOW
11,61,Mohgaon,12,2,2,LOW
11,61,Butibori,12,8,4,LOW
11,61,Burdi,13,7,6,LOW
11,61,Panchasheel Square,13,8,4,LOW
11,61,Rahate Colony,13,4,4,LOW
11,61,Ajni Square,13,4,4,LOW
11,61,Chatrapati Square,13,6,6,LOW
11,61,Ujjwal Nagar,13,4,3,LOW
11,61,Airport,13,2,6,LOW
11,61,Chinchbhavan,13,2,6,LOW
11,61,Khapri,13,4,5,LOW
11,61,Ashokwan,13,3,4,LOW
11,61,Mohgaon,13,7,6,LOW
11,61,Butibori,13,3,5,LOW
11,61,Burdi,14,3,6,LOW
11,61,Panchasheel Square,14,4,2,LOW
11,61,Rahate Colony,14,8,6,LOW
11,61,Ajni Square,14,7,2,LOW
11,61,Chatrapati Square,14,2,4,LOW
11,61,Ujjwal Nagar,14,3,2,LOW
11,61,Airport,14,3,4,LOW
11,61,Chinchbhavan,14,7,2,LOW
11,61,Khapri,14,6,3,LOW
11,61,Ashokwan,14,6,4,LOW
11,61,Mohgaon,14,6,2,LOW
11,61,Butibori,14,2,3,LOW
11,61,Burdi,15,6,5,LOW
11,61,Panchasheel Square,15,2,2,LOW
11,61,Rahate Colony,15,6,4,LOW
11,61,Ajni Square,15,2,2,LOW
11,61,Chatrapati Square,15,7,6,LOW
11,61,Ujjwal Nagar,15,8,4,LOW
11,61,Airport,15,8,3,LOW
11,61,Chinchbhavan,15,6,2,LOW
11,61,Khapri,15,4,3,LOW
11,61,Ashokwan,15,5,2,LOW
11,61,Mohgaon,15,3,3,LOW
11,61,Butibori,15,8,6,LOW
11,61,Burdi,16,6,8,MEDIUM
11,61,Panchasheel Square,16,12,8,MEDIUM
11,61,Rahate Colony,16,12,6,MEDIUM
11,61,Ajni Square,16,13,12,MEDIUM
11,61,Chatrapati Square,16,11,9,MEDIUM
11,61,Ujjwal Nagar,16,9,7,MEDIUM
11,61,Airport,16,6,12,MEDIUM
11,61,Chinchbhavan,16,11,8,MEDIUM
11,61,Khapri,16,12,11,MEDIUM
11,61,Ashokwan,16,10,9,MEDIUM
11,61,Mohgaon,16,7,8,MEDIUM
11,61,Butibori,16,6,11,MEDIUM
11,61,Burdi,17,14,23,HIGH
11,61,Panchasheel Square,17,12,14,HIGH
11,61,Rahate Colony,17,11,13,HIGH
11,61,Ajni Square,17,10,19,HIGH
11,61,Chatrapati Square,17,13,28,HIGH
11,61,Ujjwal Nagar,17,17,16,HIGH
11,61,Airport,17,19,16,HIGH
11,61,Chinchbhavan,17,16,17,HIGH
11,61,Khapri,17,13,12,HIGH
11,61,Ashokwan,17,15,22,HIGH
11,61,Mohgaon,17,10,26,HIGH
11,61,Butibori,17,22,20,HIGH
11,61,Burdi,18,15,23,HIGH
11,61,Panchasheel Square,18,17,23,HIGH
11,61,Rahate Colony,18,22,28,HIGH
11,61,Ajni Square,18,14,12,HIGH
11,61,Chatrapati Square,18,11,22,HIGH
11,61,Ujjwal Nagar,18,17,19,HIGH
11,61,Airport,18,16,28,HIGH
11,61,Chinchbhavan,18,11,25,HIGH
11,61,Khapri,18,21,21,HIGH
11,61,Ashokwan,18,20,20,HIGH
11,61,Mohgaon,18,16,14,HIGH
11,61,Butibori,18,22,17,HIGH
11,61,Burdi,19,11,21,HIGH
11,61,Panchasheel Square,19,12,24,HIGH
11,61,Rahate Colony,19,12,22,HIGH
11,61,Ajni Square,19,16,19,HIGH
11,61,Chatrapati Square,19,13,14,HIGH
11,61,Ujjwal Nagar,19,22,12,HIGH
11,61,Airport,19,14,22,HIGH
11,61,Chinchbhavan,19,12,21,HIGH
11,61,Khapri,19,10,21,HIGH
11,61,Ashokwan,19,20,28,HIGH
11,61,Mohgaon,19,19,19,HIGH
11,61,Butibori,19,20,24,HIGH
11,61,Burdi,20,18,28,HIGH
11,61,Panchasheel Square,20,21,24,HIGH
11,61,Rahate Colony,20,12,23,HIGH
11,61,Ajni Square,20,18,27,HIGH
11,61,Chatrapati Square,20,15,19,HIGH
11,61,Ujjwal Nagar,20,15,22,HIGH
11,61,Airport,20,15,23,HIGH
11,61,Chinchbhavan,20,15,17,HIGH
11,61,Khapri,20,16,25,HIGH
11,61,Ashokwan,20,18,13,HIGH
11,61,Mohgaon,20,12,17,HIGH
11,61,Butibori,20,10,19,HIGH
11,61,Burdi,21,9,12,MEDIUM
11,61,Panchasheel Square,21,11,9,MEDIUM
11,61,Rahate Colony,21,8,6,MEDIUM
11,61,Ajni Square,21,13,9,MEDIUM
11,61,Chatrapati Square,21,6,6,MEDIUM
11,61,Ujjwal Nagar,21,13,10,MEDIUM
11,61,Airport,21,14,10,MEDIUM
11,61,Chinchbhavan,21,9,8,MEDIUM
11,61,Khapri,21,8,7,MEDIUM
11,61,Ashokwan,21,7,6,MEDIUM
11,61,Mohgaon,21,12,12,MEDIUM
11,61,Butibori,21,14,11,MEDIUM
11,35,Pardi,6,7,6,MEDIUM
11,35,HB Town,6,7,11,MEDIUM
11,35,Wathoda Square,6,11,11,MEDIUM
11,35,Kharbi Square,6,12,8,MEDIUM
11,35,Dighori,6,9,12,MEDIUM
11,35,Manewada,6,14,10,MEDIUM
11,35,Chatrapati Square,6,10,12,MEDIUM
11,35,Pratap Nagar,6,12,10,MEDIUM
11,35,Trimurti Nagar,6,6,9,MEDIUM
11,35,Dharampeth,6,14,8,MEDIUM
11,35,Hingna,6,12,12,MEDIUM
11,35,YCCE,6,14,10,MEDIUM
11,35,Pardi,7,11,6,MEDIUM
11,35,HB Town,7,6,6,MEDIUM
11,35,Wathoda Square,7,12,9,MEDIUM
11,35,Kharbi Square,7,6,6,MEDIUM
11,35,Dighori,7,12,10,MEDIUM
11,35,Manewada,7,9,8,MEDIUM
11,35,Chatrapati Square,7,9,6,MEDIUM
11,35,Pratap Nagar,7,8,6,MEDIUM
11,35,Trimurti Nagar,7,12,8,MEDIUM
11,35,Dharampeth,7,9,8,MEDIUM
11,35,Hingna,7,6,11,MEDIUM
11,35,YCCE,7,6,12,MEDIUM
11,35,Pardi,8,21,12,PEAK
11,35,HB Town,8,17,25,PEAK
11,35,Wathoda Square,8,25,16,PEAK
11,35,Kharbi Square,8,19,13,PEAK
11,35,Dighori,8,29,10,PEAK
11,35,Manewada,8,18,17,PEAK
11,35,Chatrapati Square,8,18,22,PEAK
11,35,Pratap Nagar,8,28,19,PEAK
11,35,Trimurti Nagar,8,23,11,PEAK
11,35,Dharampeth,8,24,24,PEAK
11,35,Hingna,8,17,13,PEAK
11,35,YCCE,8,22,23,PEAK
11,35,Pardi,9,18,13,PEAK
11,35,HB Town,9,25,15,PEAK
11,35,Wathoda Square,9,26,19,PEAK
11,35,Kharbi Square,9,29,18,PEAK
11,35,Dighori,9,20,16,PEAK
11,35,Manewada,9,22,17,PEAK
11,35,Chatrapati Square,9,15,23,PEAK
11,35,Pratap Nagar,9,19,12,PEAK
11,35,Trimurti Nagar,9,28,15,PEAK
11,35,Dharampeth,9,16,12,PEAK
11,35,Hingna,9,17,18,PEAK
11,35,YCCE,9,22,25,PEAK
11,35,Pardi,10,28,19,PEAK
11,35,HB Town,10,19,12,PEAK
11,35,Wathoda Square,10,29,12,PEAK
11,35,Kharbi Square,10,20,22,PEAK
11,35,Dighori,10,28,14,PEAK
11,35,Manewada,10,28,20,PEAK
11,35,Chatrapati Square,10,28,13,PEAK
11,35,Pratap Nagar,10,21,21,PEAK
11,35,Trimurti Nagar,10,29,23,PEAK
11,35,Dharampeth,10,23,14,PEAK
11,35,Hingna,10,23,16,PEAK
11,35,YCCE,10,24,22,PEAK
11,35,Pardi,11,11,8,MEDIUM
11,35,HB Town,11,6,10,MEDIUM
11,35,Wathoda Square,11,7,10,MEDIUM
11,35,Kharbi Square,11,11,7,MEDIUM
11,35,Dighori,11,8,10,MEDIUM
11,35,Manewada,11,13,7,MEDIUM
11,35,Chatrapati Square,11,9,7,MEDIUM
11,35,Pratap Nagar,11,9,12,MEDIUM
11,35,Trimurti Nagar,11,14,6,MEDIUM
11,35,Dharampeth,11,9,10,MEDIUM
11,35,Hingna,11,9,9,MEDIUM
11,35,YCCE,11,10,6,MEDIUM
11,35,Pardi,12,5,4,LOW
11,35,HB Town,12,7,6,LOW
11,35,Wathoda Square,12,8,3,LOW
11,35,Kharbi Square,12,6,4,LOW
11,35,Dighori,12,6,3,LOW
11,35,Manewada,12,5,6,LOW
11,35,Chatrapati Square,12,2,2,LOW
11,35,Pratap Nagar,12,8,5,LOW
11,35,Trimurti Nagar,12,8,3,LOW
11,35,Dharampeth,12,4,4,LOW
11,35,Hingna,12,6,5,LOW
11,35,YCCE,12,5,5,LOW
11,35,Pardi,13,6,5,LOW
11,35,HB Town,13,7,5,LOW
11,35,Wathoda Square,13,6,5,LOW
11,35,Kharbi Square,13,3,2,LOW
11,35,Dighori,13,4,5,LOW
11,35,Manewada,13,2,2,LOW
11,35,Chatrapati Square,13,5,6,LOW
11,35,Pratap Nagar,13,3,5,LOW
11,35,Trimurti Nagar,13,7,5,LOW
11,35,Dharampeth,13,6,3,LOW
11,35,Hingna,13,2,4,LOW
11,35,YCCE,13,7,3,LOW
11,35,Pardi,14,5,2,LOW
11,35,HB Town,14,5,5,LOW
11,35,Wathoda Square,14,7,3,LOW
11,35,Kharbi Square,14,3,2,LOW
11,35,Dighori,14,6,5,LOW
11,35,Manewada,14,5,2,LOW
11,35,Chatrapati Square,14,5,2,LOW
11,35,Pratap Nagar,14,8,5,LOW
11,35,Trimurti Nagar,14,5,2,LOW
11,35,Dharampeth,14,2,2,LOW
11,35,Hingna,14,6,4,LOW
11,35,YCCE,14,4,6,LOW
11,35,Pardi,15,2,4,LOW
11,35,HB Town,15,6,5,LOW
11,35,Wathoda Square,15,3,6,LOW
11,35,Kharbi Square,15,4,3,LOW
11,35,Dighori,15,2,2,LOW
11,35,Manewada,15,2,2,LOW
11,35,Chatrapati Square,15,3,6,LOW
11,35,Pratap Nagar,15,2,2,LOW
11,35,Trimurti Nagar,15,2,2,LOW
11,35,Dharampeth,15,7,2,LOW
11,35,Hingna,15,3,2,LOW
11,35,YCCE,15,4,6,LOW
11,35,Pardi,16,9,9,MEDIUM
11,35,HB Town,16,12,10,MEDIUM
11,35,Wathoda Square,16,7,11,MEDIUM
11,35,Kharbi Square,16,14,10,MEDIUM
11,35,Dighori,16,13,12,MEDIUM
11,35,Manewada,16,14,8,MEDIUM
11,35,Chatrapati Square,16,13,9,MEDIUM
11,35,Pratap Nagar,16,9,6,MEDIUM
11,35,Trimurti Nagar,16,14,6,MEDIUM
11,35,Dharampeth,16,11,11,MEDIUM
11,35,Hingna,16,9,7,MEDIUM
11,35,YCCE,16,11,9,MEDIUM
11,35,Pardi,17,11,26,HIGH
11,35,HB Town,17,21,12,HIGH
11,35,Wathoda Square,17,18,24,HIGH
11,35,Kharbi Square,17,21,14,HIGH
11,35,Dighori,17,16,27,HIGH
11,35,Manewada,17,16,26,HIGH
11,35,Chatrapati Square,17,18,19,HIGH
11,35,Pratap Nagar,17,18,22,HIGH
11,35,Trimurti Nagar,17,17,23,HIGH
11,35,Dharampeth,17,11,24,HIGH
11,35,Hingna,17,10,28,HIGH
11,35,YCCE,17,17,16,HIGH
11,35,Pardi,18,13,18,HIGH
11,35,HB Town,18,22,17,HIGH
11,35,Wathoda Square,18,20,27,HIGH
11,35,Kharbi Square,18,17,21,HIGH
11,35,Dighori,18,12,21,HIGH
11,35,Manewada,18,12,14,HIGH
11,35,Chatrapati Square,18,11,18,HIGH
11,35,Pratap Nagar,18,18,16,HIGH
11,35,Trimurti Nagar,18,14,24,HIGH
11,35,Dharampeth,18,10,25,HIGH
11,35,Hingna,18,17,16,HIGH
11,35,YCCE,18,22,18,HIGH
11,35,Pardi,19,19,16,HIGH
11,35,HB Town,19,17,20,HIGH
11,35,Wathoda Square,19,15,25,HIGH
11,35,Kharbi Square,19,15,23,HIGH
11,35,Dighori,19,21,23,HIGH
11,35,Manewada,19,20,24,HIGH
11,35,Chatrapati Square,19,15,23,HIGH
11,35,Pratap Nagar,19,19,12,HIGH
11,35,Trimurti Nagar,19,19,22,HIGH
11,35,Dharampeth,19,10,23,HIGH
11,35,Hingna,19,19,16,HIGH
11,35,YCCE,19,20,24,HIGH
11,35,Pardi,20,13,19,HIGH
11,35,HB Town,20,20,24,HIGH
11,35,Wathoda Square,20,17,25,HIGH
11,35,Kharbi Square,20,10,27,HIGH
11,35,Dighori,20,13,19,HIGH
11,35,Manewada,20,10,22,HIGH
11,35,Chatrapati Square,20,16,18,HIGH
11,35,Pratap Nagar,20,10,23,HIGH
11,35,Trimurti Nagar,20,14,20,HIGH
11,35,Dharampeth,20,11,21,HIGH
11,35,Hingna,20,21,23,HIGH
11,35,YCCE,20,13,24,HIGH
11,35,Pardi,21,8,9,MEDIUM
11,35,HB Town,21,14,9,MEDIUM
11,35,Wathoda Square,21,13,10,MEDIUM
11,35,Kharbi Square,21,13,6,MEDIUM
11,35,Dighori,21,13,12,MEDIUM
11,35,Manewada,21,10,10,MEDIUM
11,35,Chatrapati Square,21,10,6,MEDIUM
11,35,Pratap Nagar,21,7,12,MEDIUM
11,35,Trimurti Nagar,21,9,10,MEDIUM
11,35,Dharampeth,21,13,12,MEDIUM
11,35,Hingna,21,7,7,MEDIUM
11,35,YCCE,21,7,8,MEDIUM
12,61,Burdi,6,9,10,MEDIUM
12,61,Panchasheel Square,6,10,6,MEDIUM
12,61,Rahate Colony,6,9,9,MEDIUM
12,61,Ajni Square,6,14,8,MEDIUM
12,61,Chatrapati Square,6,13,12,MEDIUM
12,61,Ujjwal Nagar,6,11,10,MEDIUM
12,61,Airport,6,11,10,MEDIUM
12,61,Chinchbhavan,6,9,11,MEDIUM
12,61,Khapri,6,12,9,MEDIUM
12,61,Ashokwan,6,14,10,MEDIUM
12,61,Mohgaon,6,13,10,MEDIUM
12,61,Butibori,6,11,12,MEDIUM
12,61,Burdi,7,12,8,MEDIUM
12,61,Panchasheel Square,7,9,6,MEDIUM
12,61,Rahate Colony,7,13,10,MEDIUM
12,61,Ajni Square,7,11,11,MEDIUM
12,61,Chatrapati Square,7,12,8,MEDIUM
12,61,Ujjwal Nagar,7,8,7,MEDIUM
12,61,Airport,7,14,6,MEDIUM
12,61,Chinchbhavan,7,6,10,MEDIUM
12,61,Khapri,7,11,12,MEDIUM
12,61,Ashokwan,7,11,7,MEDIUM
12,61,Mohgaon,7,6,11,MEDIUM
12,61,Butibori,7,13,8,MEDIUM
12,61,Burdi,8,23,21,PEAK
12,61,Panchasheel Square,8,25,12,PEAK
12,61,Rahate Colony,8,24,18,PEAK
12,61,Ajni Square,8,22,16,PEAK
12,61,Chatrapati Square,8,22,22,PEAK
12,61,Ujjwal Nagar,8,23,10,PEAK
12,61,Airport,8,30,22,PEAK
12,61,Chinchbhavan,8,18,18,PEAK
12,61,Khapri,8,25,16,PEAK
12,61,Ashokwan,8,19,20,PEAK
12,61,Mohgaon,8,22,21,PEAK
12,61,Butibori,8,30,15,PEAK
12,61,Burdi,9,17,10,PEAK
12,61,Panchasheel Square,9,29,23,PEAK
12,61,Rahate Colony,9,30,11,PEAK
12,61,Ajni Square,9,15,10,PEAK
12,61,Chatrapati Square,9,30,20,PEAK
12,61,Ujjwal Nagar,9,23,18,PEAK
12,61,Airport,9,25,20,PEAK
12,61,Chinchbhavan,9,15,13,PEAK
12,61,Khapri,9,16,17,PEAK
12,61,Ashokwan,9,28,17,PEAK
12,61,Mohgaon,9,28,18,PEAK
12,61,Butibori,9,26,21,PEAK
12,61,Burdi,10,28,20,PEAK
12,61,Panchasheel Square,10,27,23,PEAK
12,61,Rahate Colony,10,16,15,PEAK
12,61,Ajni Square,10,15,22,PEAK
12,61,Chatrapati Square,10,16,24,PEAK
12,61,Ujjwal Nagar,10,24,14,PEAK
12,61,Airport,10,20,18,PEAK
12,61,Chinchbhavan,10,27,23,PEAK
12,61,Khapri,10,23,16,PEAK
12,61,Ashokwan,10,28,23,PEAK
12,61,Mohgaon,10,17,15,PEAK
12,61,Butibori,10,24,25,PEAK
12,61,Burdi,11,12,10,MEDIUM
12,61,Panchasheel Square,11,10,9,MEDIUM
12,61,Rahate Colony,11,11,7,MEDIUM
12,61,Ajni Square,11,14,12,MEDIUM
12,61,Chatrapati Square,11,6,11,MEDIUM
12,61,Ujjwal Nagar,11,9,12,MEDIUM
12,61,Airport,11,10,9,MEDIUM
12,61,Chinchbhavan,11,13,12,MEDIUM
12,61,Khapri,11,8,6,MEDIUM
12,61,Ashokwan,11,14,9,MEDIUM
12,61,Mohgaon,11,8,10,MEDIUM
12,61,Butibori,11,7,6,MEDIUM
12,61,Burdi,12,5,3,LOW
12,61,Panchasheel Square,12,5,4,LOW
12,61,Rahate Colony,12,8,3,LOW
12,61,Ajni Square,12,7,2,LOW
12,61,Chatrapati Square,12,3,5,LOW
12,61,Ujjwal Nagar,12,6,3,LOW
12,61,Airport,12,6,5,LOW
12,61,Chinchbhavan,12,6,3,LOW
12,61,Khapri,12,3,3,LOW
12,61,Ashokwan,12,3,2,LOW
12,61,Mohgaon,12,4,6,LOW
12,61,Butibori,12,6,6,LOW
12,61,Burdi,13,8,5,LOW
12,61,Panchasheel Square,13,6,5,LOW
12,61,Rahate Colony,13,6,6,LOW
12,61,Ajni Square,13,4,6,LOW
12,61,Chatrapati Square,13,8,3,LOW
12,61,Ujjwal Nagar,13,3,4,LOW
12,61,Airport,13,7,3,LOW
12,61,Chinchbhavan,13,6,3,LOW
12,61,Khapri,13,8,3,LOW
12,61,Ashokwan,13,6,4,LOW
12,61,Mohgaon,13,2,4,LOW
12,61,Butibori,13,6,6,LOW
12,61,Burdi,14,8,4,LOW
12,61,Panchasheel Square,14,3,4,LOW
12,61,Rahate Colony,14,6,3,LOW
12,61,Ajni Square,14,3,6,LOW
12,61,Chatrapati Square,14,5,6,LOW
12,61,Ujjwal Nagar,14,8,6,LOW
12,61,Airport,14,4,2,LOW
12,61,Chinchbhavan,14,7,3,LOW
12,61,Khapri,14,2,4,LOW
12,61,Ashokwan,14,4,4,LOW
12,61,Mohgaon,14,3,5,LOW
12,61,Butibori,14,5,6,LOW
12,61,Burdi,15,7,2,LOW
12,61,Panchasheel Square,15,7,5,LOW
12,61,Rahate Colony,15,4,2,LOW
12,61,Ajni Square,15,2,4,LOW
12,61,Chatrapati Square,15,2,5,LOW
12,61,Ujjwal Nagar,15,8,2,LOW
12,61,Airport,15,2,2,LOW
12,61,Chinchbhavan,15,2,6,LOW
12,61,Khapri,15,8,3,LOW
12,61,Ashokwan,15,7,6,LOW
12,61,Mohgaon,15,3,3,LOW
12,61,Butibori,15,5,5,LOW
12,61,Burdi,16,14,7,MEDIUM
12,61,Panchasheel Square,16,12,11,MEDIUM
12,61,Rahate Colony,16,11,7,MEDIUM
12,61,Ajni Square,16,6,11,MEDIUM
12,61,Chatrapati Square,16,12,8,MEDIUM
12,61,Ujjwal Nagar,16,7,7,MEDIUM
12,61,Airport,16,8,9,MEDIUM
12,61,Chinchbhavan,16,10,11,MEDIUM
12,61,Khapri,16,9,10,MEDIUM
12,61,Ashokwan,16,7,9,MEDIUM
12,61,Mohgaon,16,9,11,MEDIUM
12,61,Butibori,16,11,11,MEDIUM
12,61,Burdi,17,15,26,HIGH
12,61,Panchasheel Square,17,21,14,HIGH
12,61,Rahate Colony,17,16,18,HIGH
12,61,Ajni Square,17,15,22,HIGH
12,61,Chatrapati Square,17,13,15,HIGH
12,61,Ujjwal Nagar,17,15,27,HIGH
12,61,Airport,17,12,20,HIGH
12,61,Chinchbhavan,17,14,27,HIGH
12,61,Khapri,17,18,23,HIGH
12,61,Ashokwan,17,16,13,HIGH
12,61,Mohgaon,17,11,21,HIGH
12,61,Butibori,17,11,16,HIGH
12,61,Burdi,18,10,19,HIGH
12,61,Panchasheel Square,18,15,26,HIGH
12,61,Rahate Colony,18,20,20,HIGH
12,61,Ajni Square,18,12,15,HIGH
12,61,Chatrapati Square,18,22,24,HIGH
12,61,Ujjwal Nagar,18,16,18,HIGH
12,61,Airport,18,17,28,HIGH
12,61,Chinchbhavan,18,12,27,HIGH
12,61,Khapri,18,11,17,HIGH
12,61,Ashokwan,18,12,21,HIGH
12,61,Mohgaon,18,12,26,HIGH
12,61,Butibori,18,12,25,HIGH
12,61,Burdi,19,16,25,HIGH
12,61,Panchasheel Square,19,21,13,HIGH
12,61,Rahate Colony,19,22,15,HIGH
12,61,Ajni Square,19,18,25,HIGH
12,61,Chatrapati Square,19,22,21,HIGH
12,61,Ujjwal Nagar,19,20,13,HIGH
12,61,Airport,19,19,25,HIGH
12,61,Chinchbhavan,19,20,28,HIGH
12,61,Khapri,19,15,15,HIGH
12,61,Ashokwan,19,19,16,HIGH
12,61,Mohgaon,19,22,15,HIGH
12,61,Butibori,19,14,21,HIGH
12,61,Burdi,20,11,18,HIGH
12,61,Panchasheel Square,20,18,26,HIGH
12,61,Rahate Colony,20,19,25,HIGH
12,61,Ajni Square,20,22,18,HIGH
12,61,Chatrapati Square,20,11,20,HIGH
12,61,Ujjwal Nagar,20,18,13,HIGH
12,61,Airport,20,11,28,HIGH
12,61,Chinchbhavan,20,10,28,HIGH
12,61,Khapri,20,11,13,HIGH
12,61,Ashokwan,20,14,23,HIGH
12,61,Mohgaon,20,15,21,HIGH
12,61,Butibori,20,10,19,HIGH
12,61,Burdi,21,13,8,MEDIUM
12,61,Panchasheel Square,21,8,7,MEDIUM
12,61,Rahate Colony,21,7,6,MEDIUM
12,61,Ajni Square,21,7,12,MEDIUM
12,61,Chatrapati Square,21,13,7,MEDIUM
12,61,Ujjwal Nagar,21,14,12,MEDIUM
12,61,Airport,21,9,9,MEDIUM
12,61,Chinchbhavan,21,12,9,MEDIUM
12,61,Khapri,21,11,11,MEDIUM
12,61,Ashokwan,21,11,7,MEDIUM
12,61,Mohgaon,21,11,9,MEDIUM
12,61,Butibori,21,11,12,MEDIUM
12,35,Pardi,6,11,12,MEDIUM
12,35,HB Town,6,13,9,MEDIUM
12,35,Wathoda Square,6,6,6,MEDIUM
12,35,Kharbi Square,6,6,10,MEDIUM
12,35,Dighori,6,8,10,MEDIUM
12,35,Manewada,6,14,12,MEDIUM
12,35,Chatrapati Square,6,11,10,MEDIUM
12,35,Pratap Nagar,6,12,12,MEDIUM
12,35,Trimurti Nagar,6,14,10,MEDIUM
12,35,Dharampeth,6,8,6,MEDIUM
12,35,Hingna,6,10,8,MEDIUM
12,35,YCCE,6,12,8,MEDIUM
12,35,Pardi,7,7,6,MEDIUM
12,35,HB Town,7,10,6,MEDIUM
12,35,Wathoda Square,7,13,10,MEDIUM
12,35,Kharbi Square,7,6,7,MEDIUM
12,35,Dighori,7,7,11,MEDIUM
12,35,Manewada,7,7,7,MEDIUM
12,35,Chatrapati Square,7,13,11,MEDIUM
12,35,Pratap Nagar,7,14,12,MEDIUM
12,35,Trimurti Nagar,7,11,11,MEDIUM
12,35,Dharampeth,7,7,11,MEDIUM
12,35,Hingna,7,6,7,MEDIUM
12,35,YCCE,7,14,10,MEDIUM
12,35,Pardi,8,20,22,PEAK
12,35,HB Town,8,21,18,PEAK
12,35,Wathoda Square,8,15,16,PEAK
12,35,Kharbi Square,8,30,20,PEAK
12,35,Dighori,8,22,11,PEAK
12,35,Manewada,8,22,19,PEAK
12,35,Chatrapati Square,8,18,22,PEAK
12,35,Pratap Nagar,8,21,25,PEAK
12,35,Trimurti Nagar,8,25,10,PEAK
12,35,Dharampeth,8,29,11,PEAK
12,35,Hingna,8,24,11,PEAK
12,35,YCCE,8,18,18,PEAK
12,35,Pardi,9,26,17,PEAK
12,35,HB Town,9,17,11,PEAK
12,35,Wathoda Square,9,30,18,PEAK
12,35,Kharbi Square,9,20,24,PEAK
12,35,Dighori,9,27,21,PEAK
12,35,Manewada,9,26,12,PEAK
12,35,Chatrapati Square,9,29,16,PEAK
12,35,Pratap Nagar,9,26,14,PEAK
12,35,Trimurti Nagar,9,16,19,PEAK
12,35,Dharampeth,9,21,16,PEAK
12,35,Hingna,9,15,21,PEAK
12,35,YCCE,9,18,13,PEAK
12,35,Pardi,10,16,20,PEAK
12,35,HB Town,10,19,23,PEAK
12,35,Wathoda Square,10,20,11,PEAK
12,35,Kharbi Square,10,28,17,PEAK
12,35,Dighori,10,27,18,PEAK
12,35,Manewada,10,23,23,PEAK
12,35,Chatrapati Square,10,17,12,PEAK
12,35,Pratap Nagar,10,30,15,PEAK
12,35,Trimurti Nagar,10,19,25,PEAK
12,35,Dharampeth,10,17,20,PEAK
12,35,Hingna,10,28,23,PEAK
12,35,YCCE,10,16,12,PEAK
12,35,Pardi,11,6,11,MEDIUM
12,35,HB Town,11,8,6,MEDIUM
12,35,Wathoda Square,11,11,8,MEDIUM
12,35,Kharbi Square,11,8,8,MEDIUM
12,35,Dighori,11,8,7,MEDIUM
12,35,Manewada,11,10,6,MEDIUM
12,35,Chatrapati Square,11,11,12,MEDIUM
12,35,Pratap Nagar,11,12,6,MEDIUM
12,35,Trimurti Nagar,11,11,7,MEDIUM
12,35,Dharampeth,11,6,12,MEDIUM
12,35,Hingna,11,14,10,MEDIUM
12,35,YCCE,11,8,7,MEDIUM
12,35,Pardi,12,5,2,LOW
12,35,HB Town,12,8,5,LOW
12,35,Wathoda Square,12,2,5,LOW
12,35,Kharbi Square,12,7,2,LOW
12,35,Dighori,12,8,2,LOW
12,35,Manewada,12,7,4,LOW
12,35,Chatrapati Square,12,3,3,LOW
12,35,Pratap Nagar,12,2,5,LOW
12,35,Trimurti Nagar,12,6,5,LOW
12,35,Dharampeth,12,4,4,LOW
12,35,Hingna,12,2,2,LOW
12,35,YCCE,12,7,6,LOW
12,35,Pardi,13,8,6,LOW
12,35,HB Town,13,7,5,LOW
12,35,Wathoda Square,13,3,5,LOW
12,35,Kharbi Square,13,2,6,LOW
12,35,Dighori,13,4,6,LOW
12,35,Manewada,13,5,5,LOW
12,35,Chatrapati Square,13,5,5,LOW
12,35,Pratap Nagar,13,5,5,LOW
12,35,Trimurti Nagar,13,7,2,LOW
12,35,Dharampeth,13,5,2,LOW
12,35,Hingna,13,6,2,LOW
12,35,YCCE,13,7,3,LOW
12,35,Pardi,14,4,2,LOW
12,35,HB Town,14,3,2,LOW
12,35,Wathoda Square,14,8,4,LOW
12,35,Kharbi Square,14,6,5,LOW
12,35,Dighori,14,5,6,LOW
12,35,Manewada,14,5,6,LOW
12,35,Chatrapati Square,14,4,5,LOW
12,35,Pratap Nagar,14,5,3,LOW
12,35,Trimurti Nagar,14,7,6,LOW
12,35,Dharampeth,14,8,5,LOW
12,35,Hingna,14,2,5,LOW
12,35,YCCE,14,5,3,LOW
12,35,Pardi,15,6,4,LOW
12,35,HB Town,15,5,6,LOW
12,35,Wathoda Square,15,2,6,LOW
12,35,Kharbi Square,15,6,5,LOW
12,35,Dighori,15,4,2,LOW
12,35,Manewada,15,2,4,LOW
12,35,Chatrapati Square,15,5,2,LOW
12,35,Pratap Nagar,15,4,6,LOW
12,35,Trimurti Nagar,15,6,2,LOW
12,35,Dharampeth,15,2,6,LOW
12,35,Hingna,15,5,5,LOW
12,35,YCCE,15,6,2,LOW
12,35,Pardi,16,6,12,MEDIUM
12,35,HB Town,16,7,9,MEDIUM
12,35,Wathoda Square,16,7,8,MEDIUM
12,35,Kharbi Square,16,6,7,MEDIUM
12,35,Dighori,16,6,7,MEDIUM
12,35,Manewada,16,12,10,MEDIUM
12,35,Chatrapati Square,16,12,7,MEDIUM
12,35,Pratap Nagar,16,9,10,MEDIUM
12,35,Trimurti Nagar,16,10,7,MEDIUM
12,35,Dharampeth,16,11,12,MEDIUM
12,35,Hingna,16,11,8,MEDIUM
12,35,YCCE,16,14,7,MEDIUM
12,35,Pardi,17,19,17,HIGH
12,35,HB Town,17,11,19,HIGH
12,35,Wathoda Square,17,10,19,HIGH
12,35,Kharbi Square,17,13,17,HIGH
12,35,Dighori,17,10,13,HIGH
12,35,Manewada,17,14,12,HIGH
12,35,Chatrapati Square,17,10,28,HIGH
12,35,Pratap Nagar,17,16,17,HIGH
12,35,Trimurti Nagar,17,16,16,HIGH
12,35,Dharampeth,17,17,17,HIGH
12,35,Hingna,17,10,15,HIGH
12,35,YCCE,17,20,16,HIGH
12,35,Pardi,18,21,20,HIGH
12,35,HB Town,18,17,24,HIGH
12,35,Wathoda Square,18,13,21,HIGH
12,35,Kharbi Square,18,10,26,HIGH
12,35,Dighori,18,19,21,HIGH
12,35,Manewada,18,16,14,HIGH
12,35,Chatrapati Square,18,16,21,HIGH
12,35,Pratap Nagar,18,13,16,HIGH
12,35,Trimurti Nagar,18,17,22,HIGH
12,35,Dharampeth,18,12,18,HIGH
12,35,Hingna,18,20,14,HIGH
12,35,YCCE,18,18,26,HIGH
12,35,Pardi,19,13,19,HIGH
12,35,HB Town,19,12,26,HIGH
12,35,Wathoda Square,19,21,12,HIGH
12,35,Kharbi Square,19,15,12,HIGH
12,35,Dighori,19,12,24,HIGH
12,35,Manewada,19,22,24,HIGH
12,35,Chatrapati Square,19,22,19,HIGH
12,35,Pratap Nagar,19,16,26,HIGH
12,35,Trimurti Nagar,19,19,25,HIGH
12,35,Dharampeth,19,19,28,HIGH
12,35,Hingna,19,19,17,HIGH
12,35,YCCE,19,11,15,HIGH
12,35,Pardi,20,14,26,HIGH
12,35,HB Town,20,16,27,HIGH
12,35,Wathoda Square,20,11,27,HIGH
12,35,Kharbi Square,20,20,19,HIGH
12,35,Dighori,20,10,12,HIGH
12,35,Manewada,20,13,26,HIGH
12,35,Chatrapati Square,20,17,26,HIGH
12,35,Pratap Nagar,20,22,17,HIGH
12,35,Trimurti Nagar,20,20,12,HIGH
12,35,Dharampeth,20,16,28,HIGH
12,35,Hingna,20,16,24,HIGH
12,35,YCCE,20,21,24,HIGH
12,35,Pardi,21,11,8,MEDIUM
12,35,HB Town,21,9,6,MEDIUM
12,35,Wathoda Square,21,11,12,MEDIUM
12,35,Kharbi Square,21,10,12,MEDIUM
12,35,Dighori,21,7,12,MEDIUM
12,35,Manewada,21,13,9,MEDIUM
12,35,Chatrapati Square,21,14,6,MEDIUM
12,35,Pratap Nagar,21,11,7,MEDIUM
12,35,Trimurti Nagar,21,13,12,MEDIUM
12,35,Dharampeth,21,12,10,MEDIUM
12,35,Hingna,21,11,6,MEDIUM
12,35,YCCE,21,13,11,MEDIUM
13,61,Burdi,6,11,7,MEDIUM
13,61,Panchasheel Square,6,9,12,MEDIUM
13,61,Rahate Colony,6,10,10,MEDIUM
13,61,Ajni Square,6,13,9,MEDIUM
13,61,Chatrapati Square,6,8,12,MEDIUM
13,61,Ujjwal Nagar,6,6,7,MEDIUM
13,61,Airport,6,11,9,MEDIUM
13,61,Chinchbhavan,6,7,8,MEDIUM
13,61,Khapri,6,11,6,MEDIUM
13,61,Ashokwan,6,13,8,MEDIUM
13,61,Mohgaon,6,7,12,MEDIUM
13,61,Butibori,6,14,6,MEDIUM
13,61,Burdi,7,6,10,MEDIUM
13,61,Panchasheel Square,7,13,11,MEDIUM
13,61,Rahate Colony,7,14,7,MEDIUM
13,61,Ajni Square,7,11,11,MEDIUM
13,61,Chatrapati Square,7,13,6,MEDIUM
13,61,Ujjwal Nagar,7,13,11,MEDIUM
13,61,Airport,7,10,8,MEDIUM
13,61,Chinchbhavan,7,10,7,MEDIUM
13,61,Khapri,7,14,11,MEDIUM
13,61,Ashokwan,7,11,6,MEDIUM
13,61,Mohgaon,7,14,11,MEDIUM
13,61,Butibori,7,10,11,MEDIUM
13,61,Burdi,8,20,17,PEAK
13,61,Panchasheel Square,8,16,20,PEAK
13,61,Rahate Colony,8,27,15,PEAK
13,61,Ajni Square,8,24,22,PEAK
13,61,Chatrapati Square,8,28,12,PEAK
13,61,Ujjwal Nagar,8,25,15,PEAK
13,61,Airport,8,23,14,PEAK
13,61,Chinchbhavan,8,20,13,PEAK
13,61,Khapri,8,16,12,PEAK
13,61,Ashokwan,8,25,10,PEAK
13,61,Mohgaon,8,15,11,PEAK
13,61,Butibori,8,24,14,PEAK
13,61,Burdi,9,16,18,PEAK
13,61,Panchasheel Square,9,17,20,PEAK
13,61,Rahate Colony,9,19,21,PEAK
13,61,Ajni Square,9,15,11,PEAK
13,61,Chatrapati Square,9,17,15,PEAK
13,61,Ujjwal Nagar,9,29,16,PEAK
13,61,Airport,9,29,24,PEAK
13,61,Chinchbhavan,9,19,22,PEAK
13,61,Khapri,9,23,16,PEAK
13,61,Ashokwan,9,29,10,PEAK
13,61,Mohgaon,9,15,22,PEAK
13,61,Butibori,9,21,14,PEAK
13,61,Burdi,10,17,16,PEAK
13,61,Panchasheel Square,10,16,24,PEAK
13,61,Rahate Colony,10,27,21,PEAK
13,61,Ajni Square,10,21,21,PEAK
13,61,Chatrapati Square,10,29,24,PEAK
13,61,Ujjwal Nagar,10,24,16,PEAK
13,61,Airport,10,16,19,PEAK
13,61,Chinchbhavan,10,21,17,PEAK
13,61,Khapri,10,30,18,PEAK
13,61,Ashokwan,10,19,13,PEAK
13,61,Mohgaon,10,25,22,PEAK
13,61,Butibori,10,18,20,PEAK
13,61,Burdi,11,7,12,MEDIUM
13,61,Panchasheel Square,11,7,7,MEDIUM
13,61,Rahate Colony,11,14,6,MEDIUM
13,61,Ajni Square,11,13,7,MEDIUM
13,61,Chatrapati Square,11,14,10,MEDIUM
13,61,Ujjwal Nagar,11,7,8,MEDIUM
13,61,Airport,11,12,7,MEDIUM
13,61,Chinchbhavan,11,12,7,MEDIUM
13,61,Khapri,11,8,8,MEDIUM
13,61,Ashokwan,11,14,11,MEDIUM
13,61,Mohgaon,11,12,6,MEDIUM
13,61,Butibori,11,12,11,MEDIUM
13,61,Burdi,12,6,6,LOW
13,61,Panchasheel Square,12,3,3,LOW
13,61,Rahate Colony,12,8,4,LOW
13,61,Ajni Square,12,4,3,LOW
13,61,Chatrapati Square,12,7,4,LOW
13,61,Ujjwal Nagar,12,6,4,LOW
13,61,Airport,12,5,3,LOW
13,61,Chinchbhavan,12,2,2,LOW
13,61,Khapri,12,2,4,LOW
13,61,Ashokwan,12,4,2,LOW
13,61,Mohgaon,12,4,4,LOW
13,61,Butibori,12,3,4,LOW
13,61,Burdi,13,3,3,LOW
13,61,Panchasheel Square,13,4,5,LOW
13,61,Rahate Colony,13,4,5,LOW
13,61,Ajni Square,13,5,2,LOW
13,61,Chatrapati Square,13,3,3,LOW
13,61,Ujjwal Nagar,13,3,3,LOW
13,61,Airport,13,7,4,LOW
13,61,Chinchbhavan,13,8,3,LOW
13,61,Khapri,13,5,6,LOW
13,61,Ashokwan,13,7,6,LOW
13,61,Mohgaon,13,5,6,LOW
13,61,Butibori,13,4,5,LOW
13,61,Burdi,14,8,4,LOW
13,61,Panchasheel Square,14,8,3,LOW
13,61,Rahate Colony,14,3,5,LOW
13,61,Ajni Square,14,5,4,LOW
13,61,Chatrapati Square,14,5,4,LOW
13,61,Ujjwal Nagar,14,5,5,LOW
13,61,Airport,14,8,3,LOW
13,61,Chinchbhavan,14,5,4,LOW
13,61,Khapri,14,2,2,LOW
13,61,Ashokwan,14,7,4,LOW
13,61,Mohgaon,14,8,3,LOW
13,61,Butibori,14,5,2,LOW
13,61,Burdi,15,5,3,LOW
13,61,Panchasheel Square,15,7,3,LOW
13,61,Rahate Colony,15,2,6,LOW
13,61,Ajni Square,15,2,2,LOW
13,61,Chatrapati Square,15,7,6,LOW
13,61,Ujjwal Nagar,15,5,4,LOW
13,61,Airport,15,6,6,LOW
13,61,Chinchbhavan,15,4,2,LOW
13,61,Khapri,15,4,6,LOW
13,61,Ashokwan,15,8,4,LOW
13,61,Mohgaon,15,8,2,LOW
13,61,Butibori,15,7,5,LOW
13,61,Burdi,16,9,11,MEDIUM
13,61,Panchasheel Square,16,12,10,MEDIUM
13,61,Rahate Colony,16,10,10,MEDIUM
13,61,Ajni Square,16,13,6,MEDIUM
13,61,Chatrapati Square,16,6,6,MEDIUM
13,61,Ujjwal Nagar,16,12,9,MEDIUM
13,61,Airport,16,6,6,MEDIUM
13,61,Chinchbhavan,16,11,12,MEDIUM
13,61,Khapri,16,14,9,MEDIUM
13,61,Ashokwan,16,11,11,MEDIUM
13,61,Mohgaon,16,6,10,MEDIUM
13,61,Butibori,16,11,8,MEDIUM
13,61,Burdi,17,17,21,HIGH
13,61,Panchasheel Square,17,16,27,HIGH
13,61,Rahate Colony,17,15,27,HIGH
13,61,Ajni Square,17,16,22,HIGH
13,61,Chatrapati Square,17,18,26,HIGH
13,61,Ujjwal Nagar,17,20,14,HIGH
13,61,Airport,17,11,13,HIGH
13,61,Chinchbhavan,17,20,16,HIGH
13,61,Khapri,17,16,19,HIGH
13,61,Ashokwan,17,12,19,HIGH
13,61,Mohgaon,17,12,25,HIGH
13,61,Butibori,17,12,23,HIGH
13,61,Burdi,18,16,19,HIGH
13,61,Panchasheel Square,18,17,18,HIGH
13,61,Rahate Colony,18,18,18,HIGH
13,61,Ajni Square,18,11,19,HIGH
13,61,Chatrapati Square,18,16,20,HIGH
13,61,Ujjwal Nagar,18,18,16,HIGH
13,61,Airport,18,17,12,HIGH
13,61,Chinchbhavan,18,18,27,HIGH
13,61,Khapri,18,17,18,HIGH
13,61,Ashokwan,18,13,16,HIGH
13,61,Mohgaon,18,13,12,HIGH
13,61,Butibori,18,12,28,HIGH
13,61,Burdi,19,12,21,HIGH
13,61,Panchasheel Square,19,16,21,HIGH
13,61,Rahate Colony,19,20,27,HIGH
13,61,Ajni Square,19,10,25,HIGH
13,61,Chatrapati Square,19,10,26,HIGH
13,61,Ujjwal Nagar,19,12,26,HIGH
13,61,Airport,19,20,20,HIGH
13,61,Chinchbhavan,19,14,26,HIGH
13,61,Khapri,19,18,28,HIGH
13,61,Ashokwan,19,11,25,HIGH
13,61,Mohgaon,19,16,19,HIGH
13,61,Butibori,19,21,27,HIGH
13,61,Burdi,20,19,23,HIGH
13,61,Panchasheel Square,20,12,28,HIGH
13,61,Rahate Colony,20,10,16,HIGH
13,61,Ajni Square,20,15,13,HIGH
13,61,Chatrapati Square,20,15,20,HIGH
13,61,Ujjwal Nagar,20,19,23,HIGH
13,61,Airport,20,11,16,HIGH
13,61,Chinchbhavan,20,16,18,HIGH
13,61,Khapri,20,16,23,HIGH
13,61,Ashokwan,20,19,15,HIGH
13,61,Mohgaon,20,19,25,HIGH
13,61,Butibori,20,11,18,HIGH
13,61,Burdi,21,12,11,MEDIUM
13,61,Panchasheel Square,21,9,8,MEDIUM
13,61,Rahate Colony,21,7,6,MEDIUM
13,61,Ajni Square,21,8,8,MEDIUM
13,61,Chatrapati Square,21,7,7,MEDIUM
13,61,Ujjwal Nagar,21,13,12,MEDIUM
13,61,Airport,21,8,9,MEDIUM
13,61,Chinchbhavan,21,13,12,MEDIUM
13,61,Khapri,21,7,8,MEDIUM
13,61,Ashokwan,21,13,8,MEDIUM
13,61,Mohgaon,21,12,9,MEDIUM
13,61,Butibori,21,6,12,MEDIUM
13,35,Pardi,6,6,7,MEDIUM
13,35,HB Town,6,10,11,MEDIUM
13,35,Wathoda Square,6,11,11,MEDIUM
13,35,Kharbi Square,6,6,12,MEDIUM
13,35,Dighori,6,9,6,MEDIUM
13,35,Manewada,6,12,6,MEDIUM
13,35,Chatrapati Square,6,11,8,MEDIUM
13,35,Pratap Nagar,6,10,6,MEDIUM
13,35,Trimurti Nagar,6,6,11,MEDIUM
13,35,Dharampeth,6,8,6,MEDIUM
13,35,Hingna,6,7,12,MEDIUM
13,35,YCCE,6,7,7,MEDIUM
13,35,Pardi,7,12,7,MEDIUM
13,35,HB Town,7,10,11,MEDIUM
13,35,Wathoda Square,7,11,10,MEDIUM
13,35,Kharbi Square,7,14,12,MEDIUM
13,35,Dighori,7,12,8,MEDIUM
13,35,Manewada,7,8,7,MEDIUM
13,35,Chatrapati Square,7,6,7,MEDIUM
13,35,Pratap Nagar,7,14,8,MEDIUM
13,35,Trimurti Nagar,7,14,12,MEDIUM
13,35,Dharampeth,7,13,6,MEDIUM
13,35,Hingna,7,9,6,MEDIUM
13,35,YCCE,7,9,11,MEDIUM
13,35,Pardi,8,30,20,PEAK
13,35,HB Town,8,20,11,PEAK
13,35,Wathoda Square,8,24,21,PEAK
13,35,Kharbi Square,8,18,17,PEAK
13,35,Dighori,8,26,23,PEAK
13,35,Manewada,8,25,19,PEAK
13,35,Chatrapati Square,8,22,24,PEAK
13,35,Pratap Nagar,8,19,24,PEAK
13,35,Trimurti Nagar,8,26,20,PEAK
13,35,Dharampeth,8,26,25,PEAK
13,35,Hingna,8,25,18,PEAK
13,35,YCCE,8,18,14,PEAK
13,35,Pardi,9,24,21,PEAK
13,35,HB Town,9,24,22,PEAK
13,35,Wathoda Square,9,21,17,PEAK
13,35,Kharbi Square,9,17,24,PEAK
13,35,Dighori,9,27,20,PEAK
13,35,Manewada,9,29,21,PEAK
13,35,Chatrapati Square,9,19,20,PEAK
13,35,Pratap Nagar,9,15,20,PEAK
13,35,Trimurti Nagar,9,20,18,PEAK
13,35,Dharampeth,9,30,10,PEAK
13,35,Hingna,9,16,23,PEAK
13,35,YCCE,9,22,25,PEAK
13,35,Pardi,10,19,18,PEAK
13,35,HB Town,10,18,24,PEAK
13,35,Wathoda Square,10,28,22,PEAK
13,35,Kharbi Square,10,25,17,PEAK
13,35,Dighori,10,15,25,PEAK
13,35,Manewada,10,26,21,PEAK
13,35,Chatrapati Square,10,22,25,PEAK
13,35,Pratap Nagar,10,29,19,PEAK
13,35,Trimurti Nagar,10,29,10,PEAK
13,35,Dharampeth,10,24,25,PEAK
13,35,Hingna,10,22,24,PEAK
13,35,YCCE,10,20,22,PEAK
13,35,Pardi,11,12,6,MEDIUM
13,35,HB Town,11,9,11,MEDIUM
13,35,Wathoda Square,11,8,9,MEDIUM
13,35,Kharbi Square,11,6,11,MEDIUM
13,35,Dighori,11,10,11,MEDIUM
13,35,Manewada,11,12,8,MEDIUM
13,35,Chatrapati Square,11,7,7,MEDIUM
13,35,Pratap Nagar,11,14,7,MEDIUM
13,35,Trimurti Nagar,11,6,8,MEDIUM
13,35,Dharampeth,11,6,11,MEDIUM
13,35,Hingna,11,9,10,MEDIUM
13,35,YCCE,11,11,7,MEDIUM
13,35,Pardi,12,4,2,LOW
13,35,HB Town,12,7,6,LOW
13,35,Wathoda Square,12,4,5,LOW
13,35,Kharbi Square,12,8,3,LOW
13,35,Dighori,12,8,5,LOW
13,35,Manewada,12,6,5,LOW
13,35,Chatrapati Square,12,7,2,LOW
13,35,Pratap Nagar,12,5,6,LOW
13,35,Trimurti Nagar,12,3,2,LOW
13,35,Dharampeth,12,5,3,LOW
13,35,Hingna,12,6,4,LOW
13,35,YCCE,12,7,2,LOW
13,35,Pardi,13,4,2,LOW
13,35,HB Town,13,2,6,LOW
13,35,Wathoda Square,13,2,3,LOW
13,35,Kharbi Square,13,6,6,LOW
13,35,Dighori,13,4,2,LOW
13,35,Manewada,13,2,6,LOW
13,35,Chatrapati Square,13,4,3,LOW
13,35,Pratap Nagar,13,8,3,LOW
13,35,Trimurti Nagar,13,7,6,LOW
13,35,Dharampeth,13,3,3,LOW
13,35,Hingna,13,8,2,LOW
13,35,YCCE,13,5,3,LOW
13,35,Pardi,14,6,4,LOW
13,35,HB Town,14,6,6,LOW
13,35,Wathoda Square,14,7,4,LOW
13,35,Kharbi Square,14,2,6,LOW
13,35,Dighori,14,3,6,LOW
13,35,Manewada,14,7,4,LOW
13,35,Chatrapati Square,14,6,2,LOW
13,35,Pratap Nagar,14,6,6,LOW
13,35,Trimurti Nagar,14,7,6,LOW
13,35,Dharampeth,14,8,2,LOW
13,35,Hingna,14,2,4,LOW
13,35,YCCE,14,3,3,LOW
13,35,Pardi,15,7,5,LOW
13,35,HB Town,15,4,3,LOW
13,35,Wathoda Square,15,5,5,LOW
13,35,Kharbi Square,15,5,2,LOW
13,35,Dighori,15,7,6,LOW
13,35,Manewada,15,7,2,LOW
13,35,Chatrapati Square,15,4,2,LOW
13,35,Pratap Nagar,15,8,2,LOW
13,35,Trimurti Nagar,15,6,5,LOW
13,35,Dharampeth,15,5,6,LOW
13,35,Hingna,15,3,6,LOW
13,35,YCCE,15,4,4,LOW
13,35,Pardi,16,6,6,MEDIUM
13,35,HB Town,16,11,6,MEDIUM
13,35,Wathoda Square,16,11,6,MEDIUM
13,35,Kharbi Square,16,9,8,MEDIUM
13,35,Dighori,16,11,7,MEDIUM
13,35,Manewada,16,9,12,MEDIUM
13,35,Chatrapati Square,16,14,6,MEDIUM
13,35,Pratap Nagar,16,12,12,MEDIUM
13,35,Trimurti Nagar,16,9,6,MEDIUM
13,35,Dharampeth,16,12,7,MEDIUM
13,35,Hingna,16,12,8,MEDIUM
13,35,YCCE,16,9,6,MEDIUM
13,35,Pardi,17,20,14,HIGH
13,35,HB Town,17,22,12,HIGH
13,35,Wathoda Square,17,14,13,HIGH
13,35,Kharbi Square,17,13,21,HIGH
13,35,Dighori,17,12,12,HIGH
13,35,Manewada,17,12,17,HIGH
13,35,Chatrapati Square,17,17,15,HIGH
13,35,Pratap Nagar,17,22,18,HIGH
13,35,Trimurti Nagar,17,15,24,HIGH
13,35,Dharampeth,17,21,27,HIGH
13,35,Hingna,17,11,18,HIGH
13,35,YCCE,17,17,18,HIGH
13,35,Pardi,18,20,18,HIGH
13,35,HB Town,18,15,19,HIGH
13,35,Wathoda Square,18,19,22,HIGH
13,35,Kharbi Square,18,22,19,HIGH
13,35,Dighori,18,13,24,HIGH
13,35,Manewada,18,11,26,HIGH
13,35,Chatrapati Square,18,12,24,HIGH
13,35,Pratap Nagar,18,18,28,HIGH
13,35,Trimurti Nagar,18,13,28,HIGH
13,35,Dharampeth,18,15,24,HIGH
13,35,Hingna,18,10,24,HIGH
13,35,YCCE,18,15,16,HIGH
13,35,Pardi,19,16,12,HIGH
13,35,HB Town,19,18,22,HIGH
13,35,Wathoda Square,19,20,25,HIGH
13,35,Kharbi Square,19,22,14,HIGH
13,35,Dighori,19,14,28,HIGH
13,35,Manewada,19,22,12,HIGH
13,35,Chatrapati Square,19,14,17,HIGH
13,35,Pratap Nagar,19,13,16,HIGH
13,35,Trimurti Nagar,19,11,16,HIGH
13,35,Dharampeth,19,16,17,HIGH
13,35,Hingna,19,11,27,HIGH
13,35,YCCE,19,10,14,HIGH
13,35,Pardi,20,19,12,HIGH
13,35,HB Town,20,10,22,HIGH
13,35,Wathoda Square,20,16,17,HIGH
13,35,Kharbi Square,20,19,17,HIGH
13,35,Dighori,20,14,24,HIGH
13,35,Manewada,20,17,22,HIGH
13,35,Chatrapati Square,20,21,12,HIGH
13,35,Pratap Nagar,20,21,20,HIGH
13,35,Trimurti Nagar,20,17,20,HIGH
13,35,Dharampeth,20,14,17,HIGH
13,35,Hingna,20,21,26,HIGH
13,35,YCCE,20,20,27,HIGH
13,35,Pardi,21,10,7,MEDIUM
13,35,HB Town,21,13,8,MEDIUM
13,35,Wathoda Square,21,9,10,MEDIUM
13,35,Kharbi Square,21,8,12,MEDIUM
13,35,Dighori,21,8,11,MEDIUM
13,35,Manewada,21,7,8,MEDIUM
13,35,Chatrapati Square,21,10,11,MEDIUM
13,35,Pratap Nagar,21,9,6,MEDIUM
13,35,Trimurti Nagar,21,6,12,MEDIUM
13,35,Dharampeth,21,8,8,MEDIUM
13,35,Hingna,21,14,9,MEDIUM
13,35,YCCE,21,12,12,MEDIUM
14,61,Burdi,6,6,8,MEDIUM
14,61,Panchasheel Square,6,14,9,MEDIUM
14,61,Rahate Colony,6,12,12,MEDIUM
14,61,Ajni Square,6,10,8,MEDIUM
14,61,Chatrapati Square,6,13,10,MEDIUM
14,61,Ujjwal Nagar,6,8,11,MEDIUM
14,61,Airport,6,11,8,MEDIUM
14,61,Chinchbhavan,6,6,6,MEDIUM
14,61,Khapri,6,13,7,MEDIUM
14,61,Ashokwan,6,7,6,MEDIUM
14,61,Mohgaon,6,9,6,MEDIUM
14,61,Butibori,6,7,12,MEDIUM
14,61,Burdi,7,14,11,MEDIUM
14,61,Panchasheel Square,7,14,9,MEDIUM
14,61,Rahate Colony,7,8,6,MEDIUM
14,61,Ajni Square,7,11,12,MEDIUM
14,61,Chatrapati Square,7,14,11,MEDIUM
14,61,Ujjwal Nagar,7,8,9,MEDIUM
14,61,Airport,7,10,6,MEDIUM
14,61,Chinchbhavan,7,11,6,MEDIUM
14,61,Khapri,7,8,9,MEDIUM
14,61,Ashokwan,7,6,10,MEDIUM
14,61,Mohgaon,7,6,8,MEDIUM
14,61,Butibori,7,8,9,MEDIUM
14,61,Burdi,8,30,11,PEAK
14,61,Panchasheel Square,8,26,20,PEAK
14,61,Rahate Colony,8,29,22,PEAK
14,61,Ajni Square,8,24,17,PEAK
14,61,Chatrapati Square,8,16,11,PEAK
14,61,Ujjwal Nagar,8,17,19,PEAK
14,61,Airport,8,19,24,PEAK
14,61,Chinchbhavan,8,20,19,PEAK
14,61,Khapri,8,21,25,PEAK
14,61,Ashokwan,8,21,21,PEAK
14,61,Mohgaon,8,26,25,PEAK
14,61,Butibori,8,29,17,PEAK
14,61,Burdi,9,23,23,PEAK
14,61,Panchasheel Square,9,15,21,PEAK
14,61,Rahate Colony,9,26,14,PEAK
14,61,Ajni Square,9,29,17,PEAK
14,61,Chatrapati Square,9,28,15,PEAK
14,61,Ujjwal Nagar,9,20,11,PEAK
14,61,Airport,9,28,18,PEAK
14,61,Chinchbhavan,9,21,24,PEAK
14,61,Khapri,9,24,20,PEAK
14,61,Ashokwan,9,29,15,PEAK
14,61,Mohgaon,9,20,25,PEAK
14,61,Butibori,9,17,19,PEAK
14,61,Burdi,10,28,12,PEAK
14,61,Panchasheel Square,10,28,13,PEAK
14,61,Rahate Colony,10,30,13,PEAK
14,61,Ajni Square,10,15,10,PEAK
14,61,Chatrapati Square,10,19,11,PEAK
14,61,Ujjwal Nagar,10,30,20,PEAK
14,61,Airport,10,29,24,PEAK
14,61,Chinchbhavan,10,24,11,PEAK
14,61,Khapri,10,26,10,PEAK
14,61,Ashokwan,10,25,16,PEAK
14,61,Mohgaon,10,21,24,PEAK
14,61,Butibori,10,20,10,PEAK
14,61,Burdi,11,9,7,MEDIUM
14,61,Panchasheel Square,11,7,9,MEDIUM
14,61,Rahate Colony,11,14,9,MEDIUM
14,61,Ajni Square,11,7,11,MEDIUM
14,61,Chatrapati Square,11,9,11,MEDIUM
14,61,Ujjwal Nagar,11,6,12,MEDIUM
14,61,Airport,11,8,8,MEDIUM
14,61,Chinchbhavan,11,12,6,MEDIUM
14,61,Khapri,11,6,12,MEDIUM
14,61,Ashokwan,11,12,9,MEDIUM
14,61,Mohgaon,11,14,11,MEDIUM
14,61,Butibori,11,13,7,MEDIUM
14,61,Burdi,12,3,2,LOW
14,61,Panchasheel Square,12,5,2,LOW
14,61,Rahate Colony,12,8,4,LOW
14,61,Ajni Square,12,2,4,LOW
14,61,Chatrapati Square,12,6,4,LOW
14,61,Ujjwal Nagar,12,5,6,LOW
14,61,Airport,12,5,3,LOW
14,61,Chinchbhavan,12,8,2,LOW
14,61,Khapri,12,7,6,LOW
14,61,Ashokwan,12,2,3,LOW
14,61,Mohgaon,12,3,2,LOW
14,61,Butibori,12,6,5,LOW
14,61,Burdi,13,7,3,LOW
14,61,Panchasheel Square,13,7,6,LOW
14,61,Rahate Colony,13,4,2,LOW
14,61,Ajni Square,13,6,2,LOW
14,61,Chatrapati Square,13,8,4,LOW
14,61,Ujjwal Nagar,13,8,2,LOW
14,61,Airport,13,5,4,LOW
14,61,Chinchbhavan,13,5,5,LOW
14,61,Khapri,13,5,5,LOW
14,61,Ashokwan,13,3,3,LOW
14,61,Mohgaon,13,3,4,LOW
14,61,Butibori,13,4,4,LOW
14,61,Burdi,14,5,6,LOW
14,61,Panchasheel Square,14,6,6,LOW
14,61,Rahate Colony,14,5,4,LOW
14,61,Ajni Square,14,3,5,LOW
14,61,Chatrapati Square,14,3,3,LOW
14,61,Ujjwal Nagar,14,5,2,LOW
14,61,Airport,14,3,3,LOW
14,61,Chinchbhavan,14,2,4,LOW
14,61,Khapri,14,8,2,LOW
14,61,Ashokwan,14,3,2,LOW
14,61,Mohgaon,14,2,4,LOW
14,61,Butibori,14,3,3,LOW
14,61,Burdi,15,7,6,LOW
14,61,Panchasheel Square,15,8,4,LOW
14,61,Rahate Colony,15,4,6,LOW
14,61,Ajni Square,15,4,2,LOW
14,61,Chatrapati Square,15,4,3,LOW
14,61,Ujjwal Nagar,15,6,2,LOW
14,61,Airport,15,6,2,LOW
14,61,Chinchbhavan,15,5,2,LOW
14,61,Khapri,15,7,4,LOW
14,61,Ashokwan,15,6,4,LOW
14,61,Mohgaon,15,3,5,LOW
14,61,Butibori,15,7,3,LOW
14,61,Burdi,16,9,6,MEDIUM
14,61,Panchasheel Square,16,10,11,MEDIUM
14,61,Rahate Colony,16,10,9,MEDIUM
14,61,Ajni Square,16,8,7,MEDIUM
14,61,Chatrapati Square,16,7,11,MEDIUM
14,61,Ujjwal Nagar,16,14,9,MEDIUM
14,61,Airport,16,12,9,MEDIUM
14,61,Chinchbhavan,16,13,10,MEDIUM
14,61,Khapri,16,13,11,MEDIUM
14,61,Ashokwan,16,8,10,MEDIUM
14,61,Mohgaon,16,8,8,MEDIUM
14,61,Butibori,16,14,10,MEDIUM
14,61,Burdi,17,14,26,HIGH
14,61,Panchasheel Square,17,10,16,HIGH
14,61,Rahate Colony,17,17,23,HIGH
14,61,Ajni Square,17,13,14,HIGH
14,61,Chatrapati Square,17,19,13,HIGH
14,61,Ujjwal Nagar,17,12,27,HIGH
14,61,Airport,17,20,17,HIGH
14,61,Chinchbhavan,17,15,25,HIGH
14,61,Khapri,17,17,25,HIGH
14,61,Ashokwan,17,17,20,HIGH
14,61,Mohgaon,17,20,19,HIGH
14,61,Butibori,17,18,15,HIGH
14,61,Burdi,18,22,22,HIGH
14,61,Panchasheel Square,18,10,21,HIGH
14,61,Rahate Colony,18,15,22,HIGH
14,61,Ajni Square,18,12,26,HIGH
14,61,Chatrapati Square,18,14,21,HIGH
14,61,Ujjwal Nagar,18,19,27,HIGH
14,61,Airport,18,13,22,HIGH
14,61,Chinchbhavan,18,13,22,HIGH
14,61,Khapri,18,12,15,HIGH
14,61,Ashokwan,18,11,17,HIGH
14,61,Mohgaon,18,18,13,HIGH
14,61,Butibori,18,21,21,HIGH
14,61,Burdi,19,10,27,HIGH
14,61,Panchasheel Square,19,13,22,HIGH
14,61,Rahate Colony,19,21,27,HIGH
14,61,Ajni Square,19,14,17,HIGH
14,61,Chatrapati Square,19,12,17,HIGH
14,61,Ujjwal Nagar,19,19,14,HIGH
14,61,Airport,19,11,25,HIGH
14,61,Chinchbhavan,19,14,23,HIGH
14,61,Khapri,19,22,23,HIGH
14,61,Ashokwan,19,11,21,HIGH
14,61,Mohgaon,19,19,14,HIGH
14,61,Butibori,19,22,19,HIGH
14,61,Burdi,20,21,21,HIGH
14,61,Panchasheel Square,20,17,20,HIGH
14,61,Rahate Colony,20,16,25,HIGH
14,61,Ajni Square,20,13,25,HIGH
14,61,Chatrapati Square,20,10,26,HIGH
14,61,Ujjwal Nagar,20,22,12,HIGH
14,61,Airport,20,12,12,HIGH
14,61,Chinchbhavan,20,18,16,HIGH
14,61,Khapri,20,13,24,HIGH
14,61,Ashokwan,20,21,26,HIGH
14,61,Mohgaon,20,13,22,HIGH
14,61,Butibori,20,21,21,HIGH
14,61,Burdi,21,10,6,MEDIUM
14,61,Panchasheel Square,21,12,12,MEDIUM
14,61,Rahate Colony,21,13,12,MEDIUM
14,61,Ajni Square,21,7,9,MEDIUM
14,61,Chatrapati Square,21,13,10,MEDIUM
14,61,Ujjwal Nagar,21,7,12,MEDIUM
14,61,Airport,21,7,12,MEDIUM
14,61,Chinchbhavan,21,9,10,MEDIUM
14,61,Khapri,21,6,12,MEDIUM
14,61,Ashokwan,21,14,11,MEDIUM
14,61,Mohgaon,21,10,9,MEDIUM
14,61,Butibori,21,6,6,MEDIUM
14,35,Pardi,6,12,7,MEDIUM
14,35,HB Town,6,8,6,MEDIUM
14,35,Wathoda Square,6,11,6,MEDIUM
14,35,Kharbi Square,6,8,8,MEDIUM
14,35,Dighori,6,7,11,MEDIUM
14,35,Manewada,6,13,8,MEDIUM
14,35,Chatrapati Square,6,13,12,MEDIUM
14,35,Pratap Nagar,6,9,7,MEDIUM
14,35,Trimurti Nagar,6,14,7,MEDIUM
14,35,Dharampeth,6,13,8,MEDIUM
14,35,Hingna,6,7,7,MEDIUM
14,35,YCCE,6,11,8,MEDIUM
14,35,Pardi,7,11,9,MEDIUM
14,35,HB Town,7,7,7,MEDIUM
14,35,Wathoda Square,7,8,11,MEDIUM
14,35,Kharbi Square,7,12,11,MEDIUM
14,35,Dighori,7,13,7,MEDIUM
14,35,Manewada,7,9,8,MEDIUM
14,35,Chatrapati Square,7,10,8,MEDIUM
14,35,Pratap Nagar,7,10,8,MEDIUM
14,35,Trimurti Nagar,7,11,6,MEDIUM
14,35,Dharampeth,7,10,11,MEDIUM
14,35,Hingna,7,12,8,MEDIUM
14,35,YCCE,7,12,12,MEDIUM
14,35,Pardi,8,16,15,PEAK
14,35,HB Town,8,25,11,PEAK
14,35,Wathoda Square,8,16,14,PEAK
14,35,Kharbi Square,8,24,22,PEAK
14,35,Dighori,8,21,21,PEAK
14,35,Manewada,8,19,18,PEAK
14,35,Chatrapati Square,8,27,21,PEAK
14,35,Pratap Nagar,8,20,20,PEAK
14,35,Trimurti Nagar,8,29,13,PEAK
14,35,Dharampeth,8,25,10,PEAK
14,35,Hingna,8,20,21,PEAK
14,35,YCCE,8,30,25,PEAK
14,35,Pardi,9,19,18,PEAK
14,35,HB Town,9,25,24,PEAK
14,35,Wathoda Square,9,24,25,PEAK
14,35,Kharbi Square,9,30,22,PEAK
14,35,Dighori,9,26,13,PEAK
14,35,Manewada,9,16,19,PEAK
14,35,Chatrapati Square,9,19,23,PEAK
14,35,Pratap Nagar,9,24,10,PEAK
14,35,Trimurti Nagar,9,25,19,PEAK
14,35,Dharampeth,9,16,15,PEAK
14,35,Hingna,9,29,23,PEAK
14,35,YCCE,9,30,19,PEAK
14,35,Pardi,10,22,20,PEAK
14,35,HB Town,10,21,24,PEAK
14,35,Wathoda Square,10,27,14,PEAK
14,35,Kharbi Square,10,18,21,PEAK
14,35,Dighori,10,17,21,PEAK
14,35,Manewada,10,27,25,PEAK
14,35,Chatrapati Square,10,19,22,PEAK
14,35,Pratap Nagar,10,20,25,PEAK
14,35,Trimurti Nagar,10,15,10,PEAK
14,35,Dharampeth,10,30,18,PEAK
14,35,Hingna,10,24,10,PEAK
14,35,YCCE,10,22,16,PEAK
14,35,Pardi,11,9,11,MEDIUM
14,35,HB Town,11,6,8,MEDIUM
14,35,Wathoda Square,11,8,9,MEDIUM
14,35,Kharbi Square,11,8,9,MEDIUM
14,35,Dighori,11,14,10,MEDIUM
14,35,Manewada,11,6,12,MEDIUM
14,35,Chatrapati Square,11,6,7,MEDIUM
14,35,Pratap Nagar,11,10,9,MEDIUM
14,35,Trimurti Nagar,11,8,6,MEDIUM
14,35,Dharampeth,11,8,7,MEDIUM
14,35,Hingna,11,6,7,MEDIUM
14,35,YCCE,11,6,7,MEDIUM
14,35,Pardi,12,7,2,LOW
14,35,HB Town,12,2,4,LOW
14,35,Wathoda Square,12,7,6,LOW
14,35,Kharbi Square,12,3,6,LOW
14,35,Dighori,12,3,4,LOW
14,35,Manewada,12,3,2,LOW
14,35,Chatrapati Square,12,8,2,LOW
14,35,Pratap Nagar,12,6,4,LOW
14,35,Trimurti Nagar,12,6,3,LOW
14,35,Dharampeth,12,8,2,LOW
14,35,Hingna,12,3,6,LOW
14,35,YCCE,12,6,6,LOW
14,35,Pardi,13,3,6,LOW
14,35,HB Town,13,8,3,LOW
14,35,Wathoda Square,13,6,2,LOW
14,35,Kharbi Square,13,5,3,LOW
14,35,Dighori,13,5,2,LOW
14,35,Manewada,13,5,5,LOW
14,35,Chatrapati Square,13,5,2,LOW
14,35,Pratap Nagar,13,6,4,LOW
14,35,Trimurti Nagar,13,7,5,LOW
14,35,Dharampeth,13,3,4,LOW
14,35,Hingna,13,5,5,LOW
14,35,YCCE,13,2,6,LOW
14,35,Pardi,14,6,2,LOW
14,35,HB Town,14,8,2,LOW
14,35,Wathoda Square,14,8,3,LOW
14,35,Kharbi Square,14,8,6,LOW
14,35,Dighori,14,8,5,LOW
14,35,Manewada,14,4,5,LOW
14,35,Chatrapati Square,14,8,4,LOW
14,35,Pratap Nagar,14,5,4,LOW
14,35,Trimurti Nagar,14,6,3,LOW
14,35,Dharampeth,14,6,5,LOW
14,35,Hingna,14,5,5,LOW
14,35,YCCE,14,6,3,LOW
14,35,Pardi,15,2,5,LOW
14,35,HB Town,15,2,3,LOW
14,35,Wathoda Square,15,5,3,LOW
14,35,Kharbi Square,15,3,6,LOW
14,35,Dighori,15,7,5,LOW
14,35,Manewada,15,8,2,LOW
14,35,Chatrapati Square,15,7,4,LOW
14,35,Pratap Nagar,15,3,4,LOW
14,35,Trimurti Nagar,15,2,5,LOW
14,35,Dharampeth,15,7,2,LOW
14,35,Hingna,15,3,4,LOW
14,35,YCCE,15,7,2,LOW
14,35,Pardi,16,8,10,MEDIUM
14,35,HB Town,16,11,11,MEDIUM
14,35,Wathoda Square,16,6,6,MEDIUM
14,35,Kharbi Square,16,7,10,MEDIUM
14,35,Dighori,16,13,11,MEDIUM
14,35,Manewada,16,10,9,MEDIUM
14,35,Chatrapati Square,16,13,8,MEDIUM
14,35,Pratap Nagar,16,13,11,MEDIUM
14,35,Trimurti Nagar,16,13,7,MEDIUM
14,35,Dharampeth,16,12,12,MEDIUM
14,35,Hingna,16,7,7,MEDIUM
14,35,YCCE,16,12,8,MEDIUM
14,35,Pardi,17,16,19,HIGH
14,35,HB Town,17,22,19,HIGH
14,35,Wathoda Square,17,15,15,HIGH
14,35,Kharbi Square,17,17,24,HIGH
14,35,Dighori,17,13,28,HIGH
14,35,Manewada,17,18,25,HIGH
14,35,Chatrapati Square,17,22,17,HIGH
14,35,Pratap Nagar,17,22,27,HIGH
14,35,Trimurti Nagar,17,13,28,HIGH
14,35,Dharampeth,17,15,15,HIGH
14,35,Hingna,17,15,13,HIGH
14,35,YCCE,17,18,25,HIGH
14,35,Pardi,18,11,23,HIGH
14,35,HB Town,18,19,15,HIGH
14,35,Wathoda Square,18,13,21,HIGH
14,35,Kharbi Square,18,15,19,HIGH
14,35,Dighori,18,11,16,HIGH
14,35,Manewada,18,13,20,HIGH
14,35,Chatrapati Square,18,11,19,HIGH
14,35,Pratap Nagar,18,10,26,HIGH
14,35,Trimurti Nagar,18,22,26,HIGH
14,35,Dharampeth,18,16,17,HIGH
14,35,Hingna,18,11,28,HIGH
14,35,YCCE,18,20,21,HIGH
14,35,Pardi,19,22,26,HIGH
14,35,HB Town,19,19,13,HIGH
14,35,Wathoda Square,19,10,21,HIGH
14,35,Kharbi Square,19,13,28,HIGH
14,35,Dighori,19,13,23,HIGH
14,35,Manewada,19,13,28,HIGH
14,35,Chatrapati Square,19,19,26,HIGH
14,35,Pratap Nagar,19,18,25,HIGH
14,35,Trimurti Nagar,19,19,25,HIGH
14,35,Dharampeth,19,20,23,HIGH
14,35,Hingna,19,15,24,HIGH
14,35,YCCE,19,12,21,HIGH
14,35,Pardi,20,19,22,HIGH
14,35,HB Town,20,20,25,HIGH
14,35,Wathoda Square,20,18,25,HIGH
14,35,Kharbi Square,20,17,16,HIGH
14,35,Dighori,20,19,28,HIGH
14,35,Manewada,20,22,26,HIGH
14,35,Chatrapati Square,20,21,20,HIGH
14,35,Pratap Nagar,20,18,21,HIGH
14,35,Trimurti Nagar,20,10,16,HIGH
14,35,Dharampeth,20,10,19,HIGH
14,35,Hingna,20,15,12,HIGH
14,35,YCCE,20,13,15,HIGH
14,35,Pardi,21,11,11,MEDIUM
14,35,HB Town,21,6,11,MEDIUM
14,35,Wathoda Square,21,12,10,MEDIUM
14,35,Kharbi Square,21,13,12,MEDIUM
14,35,Dighori,21,14,8,MEDIUM
14,35,Manewada,21,11,7,MEDIUM
14,35,Chatrapati Square,21,11,9,MEDIUM
14,35,Pratap Nagar,21,10,9,MEDIUM
14,35,Trimurti Nagar,21,14,8,MEDIUM
14,35,Dharampeth,21,14,8,MEDIUM
14,35,Hingna,21,11,10,MEDIUM
14,35,YCCE,21,9,8,MEDIUM
